pid_selector,run_id,subrun_id,event_count
12,120000,0,14016
12,120000,1,13565
12,120000,2,13882
12,120000,3,13740
12,120000,4,13957
12,120000,5,13723
12,120000,6,13893
12,120000,7,13600
12,120000,8,13814
12,120000,9,13716
12,120000,10,13874
12,120000,11,13681
12,120000,13,13931
12,120000,14,13789
12,120000,15,13820
12,120000,16,13614
12,120000,17,13767
12,120000,18,13753
12,120000,19,13963
12,120000,20,13644
12,120000,21,13726
12,120000,22,13807
12,120000,23,13856
12,120000,24,13752
12,120000,25,13655
12,120000,26,13788
12,120000,27,13864
12,120000,28,13809
12,120000,29,13642
12,120000,30,13938
12,120000,31,13789
12,120000,32,13892
12,120000,33,13614
12,120000,34,13719
12,120000,36,13911
12,120000,37,13863
12,120000,38,13570
12,120000,40,13755
12,120000,41,13628
12,120000,42,13901
12,120000,44,13921
12,120000,45,13880
12,120000,46,13862
12,120000,48,13852
12,120000,49,13740
12,120000,50,13898
12,120000,52,13776
12,120000,53,13886
12,120000,54,13694
12,120000,56,13722
12,120000,57,13545
12,120000,58,13827
12,120000,59,13388
12,120000,60,13795
12,120000,61,13797
12,120000,62,13919
12,120000,63,13847
12,120000,64,13596
12,120000,65,13570
12,120000,66,13710
12,120000,67,13557
12,120000,68,13773
12,120000,69,13664
12,120000,70,13787
12,120000,71,13897
12,120000,72,13769
12,120000,73,13686
12,120000,74,13777
12,120000,75,13853
12,120000,76,13844
12,120000,77,13693
12,120000,78,13648
12,120000,79,13622
12,120000,80,13578
12,120000,81,13954
12,120000,82,13618
12,120000,83,13738
12,120000,84,13721
12,120000,85,13869
12,120000,86,13707
12,120000,87,13880
12,120000,88,13833
12,120000,89,13782
12,120000,90,13782
12,120000,91,13755
12,120000,92,13724
12,120000,93,13842
12,120000,94,13663
12,120000,95,13967
12,120000,96,13909
12,120000,97,13809
12,120000,98,13927
12,120000,105,13887
12,120000,106,13764
12,120000,107,13713
12,120000,108,13797
12,120000,109,13827
12,120000,110,13724
12,120000,111,13824
12,120000,112,13699
12,120000,113,13851
12,120000,114,13801
12,120000,116,13734
12,120000,117,13877
12,120000,118,13715
12,120000,119,13698
12,120000,120,13759
12,120000,121,13673
12,120000,122,13899
12,120000,123,13796
12,120000,124,13981
12,120000,125,13994
12,120000,126,13879
12,120000,127,13818
12,120000,128,13696
12,120000,129,13888
12,120000,130,13531
12,120000,131,13793
12,120000,132,14037
12,120000,133,13860
12,120000,134,13765
12,120000,135,13880
12,120000,136,13773
12,120000,137,13666
12,120000,138,13779
12,120000,139,13780
12,120000,140,13838
12,120000,141,13921
12,120000,142,13885
12,120000,143,13750
12,120000,144,13851
12,120000,145,13809
12,120000,146,13835
12,120000,147,13652
12,120000,148,13705
12,120000,149,14064
12,120000,150,13996
12,120000,151,13630
12,120000,152,14182
12,120000,153,13736
12,120000,154,13853
12,120000,155,13943
12,120000,156,13730
12,120000,157,13767
12,120000,158,13956
12,120000,159,13714
12,120000,160,13839
12,120000,161,13826
12,120000,162,13792
12,120000,164,13842
12,120000,165,13940
12,120000,166,13737
12,120000,167,13731
12,120000,168,13726
12,120000,169,13844
12,120000,170,13697
12,120000,171,13704
12,120000,173,13692
12,120000,174,13758
12,120000,175,13637
12,120000,176,13746
12,120000,177,13863
12,120000,178,13893
12,120000,179,13803
12,120000,181,13770
12,120000,182,13760
12,120000,183,13721
12,120000,184,13770
12,120000,185,13802
12,120000,186,13885
12,120000,187,13870
12,120000,188,13796
12,120000,189,13673
12,120000,190,14038
12,120000,191,13726
12,120000,192,13871
12,120000,193,13877
12,120000,194,13868
12,120000,195,13897
12,120000,196,13663
12,120000,197,13892
12,120000,198,13742
12,120000,199,13967
12,120000,200,13835
12,120000,201,13905
12,120000,202,13841
12,120000,203,13724
12,120000,204,13732
12,120000,205,13831
12,120000,206,13768
12,120000,207,13692
12,120000,208,13839
12,120000,209,13767
12,120000,210,13759
12,120000,211,13837
12,120000,212,13741
12,120000,213,13694
12,120000,214,13699
12,120000,215,13772
12,120000,216,13710
12,120000,217,13947
12,120000,219,13826
12,120000,220,13699
12,120000,221,13714
12,120000,222,13860
12,120000,223,13804
12,120000,224,13801
12,120000,225,13788
12,120000,226,13660
12,120000,227,13572
12,120000,228,13729
12,120000,229,13570
12,120000,230,13850
12,120000,231,13879
12,120000,232,13648
12,120000,233,13759
12,120000,234,13725
12,120000,235,13716
12,120000,236,13730
12,120000,237,13892
12,120000,238,13892
12,120000,239,13906
12,120000,240,13815
12,120000,241,13722
12,120000,242,13869
12,120000,243,13712
12,120000,244,13803
12,120000,245,13854
12,120000,246,13748
12,120000,247,13803
12,120000,248,13538
12,120000,249,13656
12,120000,250,13738
12,120000,251,13695
12,120000,252,13832
12,120000,253,13686
12,120000,254,13739
12,120000,255,13984
12,120000,256,13808
12,120000,257,13656
12,120000,258,13737
12,120000,259,13728
12,120000,260,13548
12,120000,261,13882
12,120000,262,13619
12,120000,263,14119
12,120000,264,13805
12,120000,265,13715
12,120000,266,13869
12,120000,267,13834
12,120000,268,13756
12,120000,269,13851
12,120000,270,13804
12,120000,271,13603
12,120000,272,14059
12,120000,273,13796
12,120000,274,13804
12,120000,275,13844
12,120000,276,13793
12,120000,277,13790
12,120000,278,13538
12,120000,279,13958
12,120000,280,13624
12,120000,281,13866
12,120000,282,13821
12,120000,283,13566
12,120000,284,13771
12,120000,285,13698
12,120000,286,13610
12,120000,287,13826
12,120000,288,13733
12,120000,289,13600
12,120000,291,13896
12,120000,292,13829
12,120000,293,13843
12,120000,294,13885
12,120000,295,13489
12,120000,296,13792
12,120000,297,13840
12,120000,298,14040
12,120000,299,13876
12,120000,300,13883
12,120000,301,13728
12,120000,302,13660
12,120000,303,13656
12,120000,304,13872
12,120000,305,13904
12,120000,306,13903
12,120000,307,13743
12,120000,308,13728
12,120000,309,13766
12,120000,310,13756
12,120000,311,13757
12,120000,312,13766
12,120000,313,13755
12,120000,314,13698
12,120000,315,13870
12,120000,316,13882
12,120000,317,13923
12,120000,318,13722
12,120000,319,13817
12,120000,320,13857
12,120000,321,13812
12,120000,322,13665
12,120000,323,13576
12,120000,324,13838
12,120000,325,13617
12,120000,326,13642
12,120000,327,13994
12,120000,328,13993
12,120000,329,13892
12,120000,330,13726
12,120000,331,13693
12,120000,332,13664
12,120000,333,13746
12,120000,334,13834
12,120000,335,13708
12,120000,336,13754
12,120000,337,13859
12,120000,338,13987
12,120000,339,13690
12,120000,340,13723
12,120000,341,13814
12,120000,342,13790
12,120000,343,13730
12,120000,344,13739
12,120000,345,13853
12,120000,346,13993
12,120000,347,13841
12,120000,348,13571
12,120000,349,13866
12,120000,350,13864
12,120000,353,13771
12,120000,354,13967
12,120000,355,13899
12,120000,356,13799
12,120000,357,13741
12,120000,358,13787
12,120000,359,13599
12,120000,360,13788
12,120000,361,13997
12,120000,362,13757
12,120000,363,13794
12,120000,364,13938
12,120000,365,13581
12,120000,366,13753
12,120000,367,13663
12,120000,368,13655
12,120000,369,13819
12,120000,370,13701
12,120000,371,13804
12,120000,372,13834
12,120000,373,13718
12,120000,374,14020
12,120000,375,13705
12,120000,376,13654
12,120000,377,14036
12,120000,378,13891
12,120000,379,14009
12,120000,380,13700
12,120000,381,13805
12,120000,382,13736
12,120000,383,13856
12,120000,384,13831
12,120000,385,13679
12,120000,386,13867
12,120000,387,13751
12,120000,388,13652
12,120000,389,13725
12,120000,390,13885
12,120000,391,13740
12,120000,392,13821
12,120000,393,13568
12,120000,394,13740
12,120000,395,13874
12,120000,396,13895
12,120000,397,13902
12,120000,398,13710
12,120000,399,13750
12,120000,400,13719
12,120000,401,13630
12,120000,402,13563
12,120000,403,13895
12,120000,404,13877
12,120000,405,13710
12,120000,406,13936
12,120000,407,13737
12,120000,408,13776
12,120000,409,13902
12,120000,410,13837
12,120000,411,13613
12,120000,412,13798
12,120000,413,13593
12,120000,414,13749
12,120000,415,13975
12,120000,416,13868
12,120000,417,14065
12,120000,418,13892
12,120000,419,13701
12,120000,420,13902
12,120000,421,13797
12,120000,422,13912
12,120000,423,13934
12,120000,424,13779
12,120000,425,13955
12,120000,426,13720
12,120000,427,13630
12,120000,428,14059
12,120000,429,14092
12,120000,430,13843
12,120000,431,13837
12,120000,432,13479
12,120000,433,13987
12,120000,434,13610
12,120000,435,13704
12,120000,436,13899
12,120000,437,13828
12,120000,438,13930
12,120000,439,13812
12,120000,440,14002
12,120000,441,13597
12,120000,442,13804
12,120000,443,13525
12,120000,444,13813
12,120000,445,13730
12,120000,446,13927
12,120000,447,13769
12,120000,448,13752
12,120000,449,13679
12,120000,450,13801
12,120000,451,13708
12,120000,452,13752
12,120000,453,13724
12,120000,454,13863
12,120000,455,13698
12,120000,456,13840
12,120000,457,13708
12,120000,458,13881
12,120000,459,13833
12,120000,460,13864
12,120000,461,13967
12,120000,462,13791
12,120000,463,13925
12,120000,464,13479
12,120000,465,13807
12,120000,466,13816
12,120000,467,13734
12,120000,468,13766
12,120000,469,13798
12,120000,470,13677
12,120000,471,13907
12,120000,472,13668
12,120000,473,13847
12,120000,474,13788
12,120000,475,13762
12,120000,476,13951
12,120000,477,14044
12,120000,478,13884
12,120000,479,13659
12,120000,480,13913
12,120000,481,13766
12,120000,482,13667
12,120000,483,13627
12,120000,484,13701
12,120000,485,13696
12,120000,486,13793
12,120000,487,13713
12,120000,488,13543
12,120000,489,13658
12,120000,491,13944
12,120000,492,13770
12,120000,493,13844
12,120000,494,13934
12,120000,495,13748
12,120000,496,13609
12,120000,497,13952
12,120000,498,13653
12,120000,499,13775
12,120000,500,13709
12,120000,501,13682
12,120000,502,13562
12,120000,504,13750
12,120000,505,13942
12,120000,506,13835
12,120000,507,13820
12,120000,508,13752
12,120000,509,13574
12,120000,510,13965
12,120000,511,13868
12,120000,512,13684
12,120000,513,13930
12,120000,514,13797
12,120000,515,13862
12,120000,516,13797
12,120000,517,13812
12,120000,518,13875
12,120000,519,13619
12,120000,520,13691
12,120000,521,13720
12,120000,522,13607
12,120000,523,13821
12,120000,524,13811
12,120000,525,13929
12,120000,526,13936
12,120000,527,13732
12,120000,528,13838
12,120000,529,13820
12,120000,530,13717
12,120000,531,13735
12,120000,532,13837
12,120000,533,13845
12,120000,534,13735
12,120000,535,13752
12,120000,536,13979
12,120000,537,13893
12,120000,538,13926
12,120000,539,13768
12,120000,540,13758
12,120000,541,13791
12,120000,542,13562
12,120000,543,13745
12,120000,544,13865
12,120000,545,13802
12,120000,546,13864
12,120000,547,13806
12,120000,548,13868
12,120000,549,13820
12,120000,550,13785
12,120000,552,13633
12,120000,553,13623
12,120000,554,13814
12,120000,555,13747
12,120000,556,13772
12,120000,557,14030
12,120000,558,13972
12,120000,559,13836
12,120000,560,13687
12,120000,561,13703
12,120000,562,13781
12,120000,563,13838
12,120000,564,13705
12,120000,565,13779
12,120000,566,14183
12,120000,567,13901
12,120000,568,13860
12,120000,569,13955
12,120000,570,13929
12,120000,571,13897
12,120000,572,13679
12,120000,573,13886
12,120000,574,13884
12,120000,575,13920
12,120000,576,13760
12,120000,577,13693
12,120000,578,13726
12,120000,579,13752
12,120000,580,13842
12,120000,581,13892
12,120000,582,13956
12,120000,583,13892
12,120000,584,13891
12,120000,586,13909
12,120000,587,13724
12,120000,588,13805
12,120000,589,13885
12,120000,590,13983
12,120000,591,13735
12,120000,592,13823
12,120000,593,13870
12,120000,594,13639
12,120000,595,13651
12,120000,596,13906
12,120000,597,13805
12,120000,598,13789
12,120000,599,13588
12,120000,600,13851
12,120000,601,13723
12,120000,602,13797
12,120000,603,13677
12,120000,604,13875
12,120000,605,13870
12,120000,624,13798
12,120000,625,13822
12,120000,626,13864
12,120000,627,13648
12,120000,628,13655
12,120000,629,13789
12,120000,630,13994
12,120000,631,13627
12,120000,632,13729
12,120000,633,13850
12,120000,634,13686
12,120000,635,13846
12,120000,636,13695
12,120000,637,13859
12,120000,638,13935
12,120000,639,13663
12,120000,640,14041
12,120000,641,13693
12,120000,642,13962
12,120000,643,13784
12,120000,644,13839
14,140000,1,13266
14,140000,2,13417
14,140000,3,13263
14,140000,4,13197
14,140000,5,13350
14,140000,6,13216
14,140000,7,13245
14,140000,8,13311
14,140000,9,13187
14,140000,10,13373
14,140000,11,13072
14,140000,12,13175
14,140000,13,13364
14,140000,14,13112
14,140000,15,13241
14,140000,16,13190
14,140000,17,13381
14,140000,18,13342
14,140000,19,13181
14,140000,20,13423
14,140000,21,13390
14,140000,22,13178
14,140000,23,13408
14,140000,24,13210
14,140000,25,13475
14,140000,26,13341
14,140000,27,13216
14,140000,28,13434
14,140000,29,12958
14,140000,30,13145
14,140000,31,13227
14,140000,32,13332
14,140000,33,13481
14,140000,34,13323
14,140000,35,13137
14,140000,36,13500
14,140000,37,13372
14,140000,38,13591
14,140000,39,13497
14,140000,40,13323
14,140000,41,13316
14,140000,42,13348
14,140000,43,13271
14,140000,44,13105
14,140000,45,13485
14,140000,46,13236
14,140000,47,13196
14,140000,48,13304
14,140000,49,13088
14,140000,50,13241
14,140000,51,13250
14,140000,52,13325
14,140000,53,13174
14,140000,54,13500
14,140000,55,13346
14,140000,56,13231
14,140000,57,13133
14,140000,58,13342
14,140000,59,13270
14,140000,60,13164
14,140000,61,13344
14,140000,62,13209
14,140000,63,13150
14,140000,64,13535
14,140000,65,13059
14,140000,66,13177
14,140000,67,13281
14,140000,68,13288
14,140000,69,13133
14,140000,70,13237
14,140000,71,13363
14,140000,72,13307
14,140000,73,13070
14,140000,74,13348
14,140000,75,13399
14,140000,76,13350
14,140000,77,13368
14,140000,78,13141
14,140000,79,13018
14,140000,80,13057
14,140000,81,13105
14,140000,82,13350
14,140000,83,13202
14,140000,84,13279
14,140000,85,13328
14,140000,86,13489
14,140000,87,13274
14,140000,88,13331
14,140000,89,13271
14,140000,90,13113
14,140000,91,13331
14,140000,92,13281
14,140000,93,13189
14,140000,94,13011
14,140000,95,13083
14,140000,96,13131
14,140000,97,13367
14,140000,98,13388
14,140000,99,13377
14,140000,100,13143
14,140000,101,13412
14,140000,103,13236
14,140000,104,13130
14,140000,105,13142
14,140000,106,13282
14,140000,107,13363
14,140000,108,13188
14,140000,109,13252
14,140000,110,13334
14,140000,111,13230
14,140000,112,13355
14,140000,113,13434
14,140000,114,13230
14,140000,115,13126
14,140000,116,13278
14,140000,117,13162
14,140000,118,13222
14,140000,119,13229
14,140000,120,13269
14,140000,121,13062
14,140000,122,13356
14,140000,123,13225
14,140000,124,13035
14,140000,125,13297
14,140000,127,13167
14,140000,128,13159
14,140000,129,13165
14,140000,130,13099
14,140000,132,13184
14,140000,133,13182
14,140000,134,13358
14,140000,135,13356
14,140000,136,13396
14,140000,137,13193
14,140000,138,13198
14,140000,139,13089
14,140000,140,13175
14,140000,141,13334
14,140000,142,13174
14,140000,143,13210
14,140000,144,13188
14,140000,145,13217
14,140000,146,13302
14,140000,147,13200
14,140000,148,13221
14,140000,149,13230
14,140000,150,13422
14,140000,151,13250
14,140000,152,13069
14,140000,153,13196
14,140000,154,13253
14,140000,155,13355
14,140000,156,13204
14,140000,157,13221
14,140000,158,13221
14,140000,159,13330
14,140000,160,13227
14,140000,161,13097
14,140000,162,13221
14,140000,163,13106
14,140000,164,13457
14,140000,165,13152
14,140000,166,13445
14,140000,167,13009
14,140000,168,13244
14,140000,169,13182
14,140000,170,13316
14,140000,171,13232
14,140000,172,13268
14,140000,173,13304
14,140000,174,13172
14,140000,175,13310
14,140000,176,13135
14,140000,177,13258
14,140000,178,13175
14,140000,179,13154
14,140000,180,13479
14,140000,181,13154
14,140000,182,12983
14,140000,183,13426
14,140000,184,13281
14,140000,185,13313
14,140000,186,13282
14,140000,187,13369
14,140000,188,13240
14,140000,189,13069
14,140000,190,13226
14,140000,191,13214
14,140000,192,13144
14,140000,193,12986
14,140000,194,13135
14,140000,195,13327
14,140000,196,13136
14,140000,197,13194
14,140000,198,13235
14,140000,199,13121
14,140000,200,13185
14,140000,201,13233
14,140000,202,13376
14,140000,203,13112
14,140000,204,13493
14,140000,205,13217
14,140000,206,13126
14,140000,207,13180
14,140000,208,13418
14,140000,209,13274
14,140000,210,13202
14,140000,211,13131
14,140000,212,13499
14,140000,213,13256
14,140000,215,13286
14,140000,216,13112
14,140000,217,13311
14,140000,218,13149
14,140000,219,13375
14,140000,220,13179
14,140000,221,13454
14,140000,222,13165
14,140000,223,12987
14,140000,224,13147
14,140000,225,13311
14,140000,226,13287
14,140000,227,13204
14,140000,228,13320
14,140000,229,13227
14,140000,230,13217
14,140000,231,13120
14,140000,232,13298
14,140000,233,13099
14,140000,234,13161
14,140000,235,13196
14,140000,236,13335
14,140000,237,12953
14,140000,238,13409
14,140000,239,13286
14,140000,240,13125
14,140000,241,13126
14,140000,242,13179
14,140000,243,13127
14,140000,244,13306
14,140000,245,13288
14,140000,246,13217
14,140000,247,13328
14,140000,248,12994
14,140000,249,13150
14,140000,250,13045
14,140000,251,13224
14,140000,252,13312
14,140000,253,13289
14,140000,254,13164
14,140000,255,13189
14,140000,256,13109
14,140000,257,13208
14,140000,258,13176
14,140000,259,13186
14,140000,260,13251
14,140000,261,13498
14,140000,262,13281
14,140000,263,13293
14,140000,264,13228
14,140000,265,13179
14,140000,266,13364
14,140000,267,13197
14,140000,268,13228
14,140000,269,13404
14,140000,270,13267
14,140000,271,13189
14,140000,272,13371
14,140000,273,13166
14,140000,274,13148
14,140000,275,13101
14,140000,276,13186
14,140000,278,13133
14,140000,279,13248
14,140000,280,13244
14,140000,281,13296
14,140000,282,13253
14,140000,283,13256
14,140000,284,13308
14,140000,285,13340
14,140000,286,13150
14,140000,287,13075
14,140000,288,13492
14,140000,289,13415
14,140000,290,13081
14,140000,291,13340
14,140000,292,13307
14,140000,293,13223
14,140000,294,13220
14,140000,295,13156
14,140000,296,13362
14,140000,297,13141
14,140000,298,13305
14,140000,299,13242
14,140000,300,13138
14,140000,301,13175
14,140000,302,13278
14,140000,303,13144
14,140000,304,13386
14,140000,305,13246
14,140000,306,13196
14,140000,307,13298
14,140000,308,13236
14,140000,309,13469
14,140000,310,13088
14,140000,311,13420
14,140000,312,13249
14,140000,313,13301
14,140000,314,12973
14,140000,315,13202
14,140000,316,13128
14,140000,317,13215
14,140000,318,13161
14,140000,319,13385
14,140000,320,13186
14,140000,321,13139
14,140000,322,13447
14,140000,323,13269
14,140000,324,13317
14,140000,325,13395
14,140000,326,13300
14,140000,327,13309
14,140000,328,13240
14,140000,329,13222
14,140000,330,13155
14,140000,331,13330
14,140000,333,13018
14,140000,334,13142
14,140000,335,13154
14,140000,336,13077
14,140000,337,13416
14,140000,338,13090
14,140000,339,13188
14,140000,340,13124
14,140000,341,13290
14,140000,342,13126
14,140000,343,13285
14,140000,344,13181
14,140000,345,13095
14,140000,346,13321
14,140000,347,13149
14,140000,348,13136
14,140000,349,13225
14,140000,350,13254
14,140000,351,13260
14,140000,352,13243
14,140000,353,13248
14,140000,354,13236
14,140000,355,13304
14,140000,356,13075
14,140000,357,13097
14,140000,358,13142
14,140000,359,13109
14,140000,360,13304
14,140000,361,13011
14,140000,362,13197
14,140000,363,13224
14,140000,364,13339
14,140000,365,13185
14,140000,366,13346
14,140000,367,13419
14,140000,368,13204
14,140000,369,13140
14,140000,370,13283
14,140000,371,13251
14,140000,372,13404
14,140000,373,13077
14,140000,374,13307
14,140000,375,13080
14,140000,376,13355
14,140000,377,13157
14,140000,379,13300
14,140000,380,13436
14,140000,381,13204
14,140000,383,13372
14,140000,384,13181
14,140000,385,13016
14,140000,386,13198
14,140000,387,13195
14,140000,388,13387
14,140000,389,13296
14,140000,390,13316
14,140000,391,13260
14,140000,392,13259
14,140000,393,13396
14,140000,394,13276
14,140000,395,13280
14,140000,396,13366
14,140000,397,13253
14,140000,398,13275
14,140000,399,13161
14,140000,400,13480
14,140000,401,13197
14,140000,402,13344
14,140000,403,13337
14,140000,404,13359
14,140000,405,13261
14,140000,406,13307
14,140000,407,13192
14,140000,408,13208
14,140000,409,13500
14,140000,410,13178
14,140000,411,13293
14,140000,412,13127
14,140000,413,13233
14,140000,414,13224
14,140000,415,13378
14,140000,416,13276
14,140000,417,13469
14,140000,418,13166
14,140000,419,13497
14,140000,420,13426
14,140000,421,13459
14,140000,422,13202
14,140000,423,13088
14,140000,424,13004
14,140000,425,13164
14,140000,426,13225
14,140000,427,13423
14,140000,428,13261
14,140000,429,13180
14,140000,430,13276
14,140000,431,13255
14,140000,432,13063
14,140000,433,13324
14,140000,434,13247
14,140000,435,13412
14,140000,436,13241
14,140000,437,13216
14,140000,438,13347
14,140000,439,12982
14,140000,440,13307
14,140000,441,13168
14,140000,442,13182
14,140000,443,13174
14,140000,444,13254
14,140000,445,13386
14,140000,446,13195
14,140000,447,13213
14,140000,448,13298
14,140000,449,13009
14,140000,450,13381
14,140000,451,13197
14,140000,452,13236
14,140000,453,13277
14,140000,454,13233
14,140000,455,13232
14,140000,456,13099
14,140000,457,13247
14,140000,458,13056
14,140000,459,13239
14,140000,460,13294
14,140000,461,13406
14,140000,462,13344
14,140000,463,13125
14,140000,464,13153
14,140000,465,13296
14,140000,466,13135
14,140000,467,13158
14,140000,468,13414
14,140000,469,13256
14,140000,470,13183
14,140000,471,13217
14,140000,472,13148
14,140000,473,13371
14,140000,474,13570
14,140000,475,12996
14,140000,476,13271
14,140000,477,13099
14,140000,478,13129
14,140000,479,13155
14,140000,480,13052
14,140000,481,13343
14,140000,482,13163
14,140000,483,13475
14,140000,484,13291
14,140000,485,13352
14,140000,486,13323
14,140000,487,13411
14,140000,488,13156
14,140000,489,13224
14,140000,490,13481
14,140000,491,13159
14,140000,492,13322
14,140000,493,13317
14,140000,494,13312
14,140000,495,13268
14,140000,496,13291
14,140000,497,13238
14,140000,498,13209
14,140000,499,13250
14,140000,500,13294
14,140000,501,13286
14,140000,502,13226
14,140000,503,13388
14,140000,504,13234
14,140000,505,13430
14,140000,506,13295
14,140000,507,13216
14,140000,508,13168
14,140000,509,13159
14,140000,510,13440
14,140000,511,13331
14,140000,512,13111
14,140000,513,13115
14,140000,514,13256
14,140000,515,13032
14,140000,516,13271
14,140000,517,13213
14,140000,518,13260
14,140000,519,13422
14,140000,520,13124
14,140000,521,13151
14,140000,522,13039
14,140000,523,13208
14,140000,524,13194
14,140000,525,13250
14,140000,526,13130
14,140000,527,13346
14,140000,528,13228
14,140000,529,13089
14,140000,530,13152
14,140000,532,13323
14,140000,533,13319
14,140000,534,13180
14,140000,535,13340
14,140000,536,13212
14,140000,537,13311
14,140000,538,13392
14,140000,539,13375
14,140000,540,13254
14,140000,541,13150
14,140000,542,13159
14,140000,543,13354
14,140000,544,12928
14,140000,545,13102
14,140000,546,13348
14,140000,547,13152
14,140000,548,13348
14,140000,549,13200
14,140000,550,13215
14,140000,551,13072
14,140000,552,13319
14,140000,553,13357
14,140000,554,13163
14,140000,555,13011
14,140000,556,13334
14,140000,557,13261
14,140000,558,13266
14,140000,559,13066
14,140000,560,13235
14,140000,561,13280
14,140000,562,12975
14,140000,563,13296
14,140000,564,13180
14,140000,565,13160
14,140000,566,13149
14,140000,567,13186
14,140000,568,13314
14,140000,569,13332
14,140000,570,13103
14,140000,571,13232
14,140000,572,13136
14,140000,573,13093
14,140000,574,13260
14,140000,575,13343
14,140000,576,13141
14,140000,577,13173
14,140000,578,13399
14,140000,579,13121
14,140000,580,13227
14,140000,581,13280
14,140000,582,13364
14,140000,583,13145
14,140000,584,13372
14,140000,585,13163
14,140000,586,13448
14,140000,587,13299
14,140000,588,13170
14,140000,589,13170
14,140000,590,13158
14,140000,591,13412
14,140000,592,13360
14,140000,593,13263
14,140000,594,13203
14,140000,596,13078
14,140000,597,13087
14,140000,598,13234
14,140000,599,13453
14,140000,601,13228
14,140000,602,13221
14,140000,603,13094
14,140000,604,13291
14,140000,605,13184
14,140000,607,13188
14,140000,608,13126
14,140000,609,13242
14,140000,610,13125
14,140000,611,13479
14,140000,612,13101
14,140000,613,13159
14,140000,614,13437
14,140000,615,13113
14,140000,616,13168
14,140000,617,13131
14,140000,618,13303
14,140000,619,13065
14,140000,620,13199
14,140000,621,13154
14,140000,622,13226
14,140000,623,13154
14,140000,624,13320
14,140000,625,13269
14,140000,626,13241
14,140000,627,13198
14,140000,628,13197
14,140000,629,13257
14,140000,630,13122
14,140000,631,13151
14,140000,632,13259
14,140000,633,13074
14,140000,634,13150
14,140000,635,13160
14,140000,636,13357
14,140000,637,13245
14,140000,638,13303
14,140000,639,13248
14,140000,640,13494
14,140000,641,13164
14,140000,642,13140
14,140000,643,13301
14,140000,644,13369
14,140000,645,13147
14,140000,646,13296
14,140000,647,13235
14,140000,648,13308
14,140000,649,13134
14,140000,650,13269
14,140000,651,13193
14,140000,652,13276
14,140000,653,13138
14,140000,654,13327
14,140000,655,13387
14,140000,656,13290
14,140000,657,13303
14,140000,658,13169
14,140000,659,13260
14,140000,660,13058
14,140000,661,13336
14,140000,662,13050
14,140000,663,13401
14,140000,664,13238
14,140000,665,13300
14,140000,666,13289
14,140000,667,13368
14,140000,668,13213
14,140000,669,13088
14,140000,670,13144
14,140000,671,13164
14,140000,672,13119
14,140000,673,13129
14,140000,674,13435
14,140000,675,13306
14,140000,676,13391
14,140000,678,13225
14,140000,679,13247
14,140000,680,13273
14,140000,681,13288
14,140000,682,13075
14,140000,683,13457
14,140000,684,13585
14,140000,685,13149
14,140000,686,13117
14,140000,687,13133
14,140000,688,13283
14,140000,689,13340
14,140000,690,13335
14,140000,691,13285
14,140000,692,13006
14,140000,693,13088
14,140000,694,13325
14,140000,695,13317
14,140000,696,13215
14,140000,697,13295
14,140000,698,13165
14,140000,699,13087
14,140000,700,13240
14,140000,701,13250
14,140000,702,13450
14,140000,703,13210
14,140000,704,13261
14,140000,705,13049
14,140000,706,13277
14,140000,707,13458
14,140000,708,13186
14,140000,709,13395
14,140000,710,13363
14,140000,711,13356
14,140000,712,13278
14,140000,713,13296
14,140000,714,13078
14,140000,715,13267
14,140000,716,13342
14,140000,717,13235
14,140000,718,13083
14,140000,719,13230
14,140000,721,13147
14,140000,722,13353
14,140000,723,13251
14,140000,724,13084
14,140000,725,13373
14,140000,726,13185
14,140000,727,13337
14,140000,728,13318
14,140000,729,13254
14,140000,730,13438
14,140000,731,13241
14,140000,732,13176
14,140000,733,13279
14,140000,734,13123
14,140000,735,13174
14,140000,736,13594
14,140000,737,13105
14,140000,738,13150
14,140000,739,13271
14,140000,740,13277
14,140000,741,13168
14,140000,742,13173
14,140000,743,13173
14,140000,744,13103
14,140000,745,13400
14,140000,746,13301
14,140000,747,13514
14,140000,748,13297
14,140000,749,13412
14,140000,750,13313
14,140000,751,13282
14,140000,752,13370
14,140000,753,13143
14,140000,755,13231
14,140000,756,13222
14,140000,757,13036
14,140000,758,13401
14,140000,759,13235
14,140000,760,13191
14,140000,761,13345
14,140000,762,13201
14,140000,763,13338
14,140000,764,13171
14,140000,765,13243
14,140000,766,13293
14,140000,767,13327
14,140000,768,13268
14,140000,769,13216
14,140000,770,13294
14,140000,771,13097
14,140000,772,13257
14,140000,773,13256
14,140000,774,13130
14,140000,775,13101
14,140000,776,13262
14,140000,777,13178
14,140000,778,13214
14,140000,779,13307
14,140000,780,13335
14,140000,781,13105
14,140000,782,13349
14,140000,783,13116
14,140000,784,13150
14,140000,785,13401
14,140000,786,13217
14,140000,787,13238
14,140000,788,13195
14,140000,789,13237
14,140000,791,13111
14,140000,792,13097
14,140000,793,13358
14,140000,794,13397
14,140000,795,13105
14,140000,796,13207
14,140000,797,13147
14,140000,798,13242
14,140000,799,13268
14,140000,800,13373
14,140000,801,13110
14,140000,802,13344
14,140000,803,13210
14,140000,804,13299
14,140000,805,13314
14,140000,806,13253
14,140000,807,13180
14,140000,808,13264
14,140000,809,13368
14,140000,810,13331
14,140000,811,13277
14,140000,812,13101
14,140000,813,13230
14,140000,814,13255
14,140000,815,13305
14,140000,816,13253
14,140000,817,13197
14,140000,818,13168
14,140000,819,13252
14,140000,820,13529
14,140000,821,13294
14,140000,822,13199
14,140000,823,13149
14,140000,824,13236
14,140000,825,13216
14,140000,826,13138
14,140000,827,13187
14,140000,828,13090
14,140000,829,13225
14,140000,830,13272
14,140000,831,13197
14,140000,832,13350
14,140000,833,13189
14,140000,834,13312
14,140000,835,13226
14,140000,836,13395
14,140000,837,13299
14,140000,838,13318
14,140000,839,13480
14,140000,840,12970
14,140000,841,13172
14,140000,842,13209
14,140000,843,13185
14,140000,844,13194
14,140000,845,13384
14,140000,846,13115
14,140000,847,13393
14,140000,848,13161
14,140000,849,13354
14,140000,850,13262
14,140000,851,13363
14,140000,852,13469
14,140000,853,13353
14,140000,854,13306
14,140000,855,13291
14,140000,856,13131
14,140000,857,13260
14,140000,858,13505
14,140000,859,13244
14,140000,860,13285
14,140000,861,13346
14,140000,862,13418
14,140000,863,13248
14,140000,864,13161
14,140000,865,13010
14,140000,866,13337
14,140000,867,13340
14,140000,868,13233
14,140000,869,13124
14,140000,870,13156
14,140000,871,13402
14,140000,872,13272
14,140000,873,13153
14,140000,874,13320
14,140000,875,13189
14,140000,877,13223
14,140000,879,13174
14,140000,880,13217
14,140000,881,13262
14,140000,882,13132
14,140000,883,13181
14,140000,884,13121
14,140000,885,13245
14,140000,886,13122
14,140000,887,13244
14,140000,888,13068
14,140000,889,12960
14,140000,890,13462
14,140000,891,13148
14,140000,892,13072
14,140000,893,13171
14,140000,894,13214
14,140000,895,13083
14,140000,896,13229
14,140000,897,13390
14,140000,898,13325
14,140000,899,13320
14,140000,900,13105
14,140000,901,13279
14,140000,902,13218
14,140000,903,13245
14,140000,904,13068
14,140000,905,13403
14,140000,907,13320
14,140000,908,13213
14,140000,909,13443
14,140000,910,13405
14,140000,911,13069
14,140000,912,13224
14,140000,913,13367
14,140000,914,13287
14,140000,915,13335
14,140000,916,13297
14,140000,917,13194
14,140000,919,13132
14,140000,920,13366
14,140000,922,13334
14,140000,923,13217
14,140000,924,13280
14,140000,925,13299
14,140000,926,13274
14,140000,927,13010
14,140000,928,13252
14,140000,929,13227
14,140000,930,13271
14,140000,931,13358
14,140000,932,13234
14,140000,933,13111
14,140000,934,13161
14,140000,936,13405
14,140000,937,13361
14,140000,938,13090
14,140000,939,13209
14,140000,940,13282
14,140000,941,13260
14,140000,942,13273
14,140000,943,13451
14,140000,944,13288
14,140000,946,13147
14,140000,947,13094
14,140000,948,13213
14,140000,949,13212
14,140000,950,13135
14,140000,951,13279
14,140000,952,13136
14,140000,953,13459
14,140000,954,13040
14,140000,955,13122
14,140000,956,13103
14,140000,957,13246
14,140000,958,13178
14,140000,959,13215
14,140000,960,13422
14,140000,961,13296
14,140000,962,13204
14,140000,963,13271
14,140000,964,13254
14,140000,965,13134
14,140000,966,13169
14,140000,967,13464
14,140000,968,13369
14,140000,969,13262
14,140000,970,13173
14,140000,971,13237
14,140000,972,13252
14,140000,973,13510
14,140000,974,13306
14,140000,975,13231
14,140000,976,13161
14,140000,977,13340
14,140000,978,13340
14,140000,979,13331
14,140000,980,13110
14,140000,981,12975
14,140000,982,13380
14,140000,983,13237
14,140000,984,13169
14,140000,985,13325
14,140000,986,13462
14,140000,987,13171
14,140000,988,13216
14,140000,989,13054
14,140000,990,13297
14,140000,991,13175
14,140000,992,13160
14,140000,993,13319
14,140000,994,13164
14,140000,995,13237
14,140000,996,13101
14,140000,997,13429
14,140000,998,13297
14,140000,999,13204
14,140000,1000,13155
14,140000,1001,13148
14,140000,1002,13197
14,140000,1003,13452
14,140000,1004,13184
14,140000,1005,13267
14,140000,1006,13393
14,140000,1007,13193
14,140000,1008,13353
14,140000,1009,13206
14,140000,1010,13361
14,140000,1011,13151
14,140000,1012,13426
14,140000,1013,13266
14,140000,1014,13296
14,140000,1015,13318
14,140000,1016,13383
14,140000,1017,13409
14,140000,1018,13219
14,140000,1019,13297
14,140000,1020,12896
14,140000,1021,13049
14,140000,1022,13371
14,140000,1023,13192
14,140000,1024,13285
14,140000,1025,13304
14,140000,1026,13378
14,140000,1027,13306
14,140000,1028,13167
14,140000,1029,13362
14,140000,1030,13265
14,140000,1031,13304
14,140000,1032,13075
14,140000,1033,13182
14,140000,1034,13119
14,140000,1035,13372
14,140000,1036,13416
14,140000,1037,13022
14,140000,1038,13234
14,140000,1039,13241
14,140000,1040,13125
14,140000,1041,13200
14,140000,1042,13171
14,140000,1043,13279
14,140000,1044,13226
14,140000,1045,13405
14,140000,1046,13299
14,140000,1047,13320
14,140000,1048,13177
14,140000,1049,13232
14,140000,1050,12926
14,140000,1051,13470
14,140000,1052,13305
14,140000,1053,13217
14,140000,1054,13331
14,140000,1055,13235
14,140000,1057,13164
14,140000,1058,13211
14,140000,1059,13184
14,140000,1060,13288
14,140000,1061,13368
14,140000,1062,13445
14,140000,1063,13573
14,140000,1064,13414
14,140000,1065,13239
14,140000,1066,13220
14,140000,1067,13208
14,140000,1068,13346
14,140000,1069,13320
14,140000,1070,13314
14,140000,1071,13052
14,140000,1072,12964
14,140000,1073,13209
14,140000,1074,13295
14,140000,1075,13231
14,140000,1076,13135
14,140000,1077,13289
14,140000,1078,13278
14,140000,1079,13183
14,140000,1080,13142
14,140000,1081,13400
14,140000,1082,13343
14,140000,1083,13215
14,140000,1084,13256
14,140000,1085,13182
14,140000,1086,13019
14,140000,1087,13081
14,140000,1088,13380
14,140000,1089,13353
14,140000,1090,13359
14,140000,1091,13210
14,140000,1092,13193
14,140000,1093,13187
14,140000,1094,13171
14,140000,1095,13075
14,140000,1096,13368
14,140000,1097,13370
14,140000,1098,13188
14,140000,1099,13480
14,140000,1100,13371
14,140000,1101,13241
14,140000,1102,13293
14,140000,1103,13353
14,140000,1104,13014
14,140000,1105,13525
14,140000,1106,13120
14,140000,1107,13263
14,140000,1108,13265
14,140000,1109,13379
14,140000,1110,13335
14,140000,1111,13206
14,140000,1112,13426
14,140000,1113,13226
14,140000,1114,13129
14,140000,1115,13450
14,140000,1116,13598
14,140000,1117,13235
14,140000,1118,13099
14,140000,1119,13286
14,140000,1120,13231
14,140000,1121,13263
14,140000,1122,13213
14,140000,1123,13155
14,140000,1124,13444
14,140000,1125,13346
14,140000,1126,13242
14,140000,1127,13213
14,140000,1128,13229
14,140000,1129,13322
14,140000,1130,13325
14,140000,1131,13315
14,140000,1132,13366
14,140000,1134,13314
14,140000,1135,13253
14,140000,1136,13423
14,140000,1137,13267
14,140000,1138,13207
14,140000,1139,13357
14,140000,1140,13290
14,140000,1141,13275
14,140000,1142,13169
14,140000,1143,13249
14,140000,1144,13185
14,140000,1145,13103
14,140000,1146,13172
14,140000,1147,13145
14,140000,1148,13398
14,140000,1149,13293
14,140000,1150,13497
14,140000,1151,13276
14,140000,1152,13217
14,140000,1153,13258
14,140000,1154,13310
14,140000,1155,13264
14,140000,1156,13305
14,140000,1157,13295
14,140000,1158,13354
14,140000,1159,13148
14,140000,1160,13366
14,140000,1161,13169
14,140000,1162,13385
14,140000,1163,13114
14,140000,1164,13353
14,140000,1165,13110
14,140000,1166,13199
14,140000,1167,13104
14,140000,1168,13411
14,140000,1169,13133
14,140000,1170,13195
14,140000,1171,13328
14,140000,1172,13154
14,140000,1173,13493
14,140000,1174,13337
14,140000,1175,13213
14,140000,1176,13223
14,140000,1177,13028
14,140000,1178,13390
14,140000,1179,13174
14,140000,1180,13173
14,140000,1181,13301
14,140000,1182,13335
14,140000,1183,13115
14,140000,1184,13133
14,140000,1185,13310
14,140000,1186,13432
14,140000,1187,13358
14,140000,1188,13273
14,140000,1189,13255
14,140000,1190,13243
14,140000,1191,13270
14,140000,1192,13354
14,140000,1193,13096
14,140000,1194,13181
14,140000,1195,13455
14,140000,1196,13336
14,140000,1197,13186
14,140000,1198,13270
14,140000,1199,13292
14,140000,1200,13213
14,140000,1201,13320
14,140000,1202,13122
14,140000,1203,13463
14,140000,1204,13411
14,140000,1205,13098
14,140000,1206,13287
14,140000,1207,13168
14,140000,1208,13163
14,140000,1209,13518
14,140000,1210,13262
14,140000,1211,13360
14,140000,1212,13405
14,140000,1213,13102
14,140000,1214,13118
14,140000,1215,13081
14,140000,1216,13087
14,140000,1217,12969
14,140000,1218,13148
14,140000,1219,13429
14,140000,1220,13453
14,140000,1221,13274
14,140000,1222,13247
14,140000,1223,13256
14,140000,1224,13175
14,140000,1225,13154
14,140000,1226,13369
14,140000,1227,13044
14,140000,1228,13152
14,140000,1229,13036
14,140000,1230,13427
14,140000,1231,13141
14,140000,1232,13240
14,140000,1233,13352
14,140000,1234,13313
14,140000,1235,12958
14,140000,1236,13120
14,140000,1237,13346
14,140000,1238,13466
14,140000,1239,13140
14,140000,1240,13381
14,140000,1241,13242
14,140000,1242,13310
14,140000,1243,13360
14,140000,1244,13266
14,140000,1245,13236
14,140000,1246,13144
14,140000,1247,13341
14,140000,1248,13378
14,140000,1249,13061
14,140000,1250,13395
14,140000,1251,13369
14,140000,1252,13246
14,140000,1253,13251
14,140000,1254,13266
14,140000,1255,13205
14,140000,1256,13228
14,140000,1257,13314
14,140000,1258,13162
14,140000,1259,13224
14,140000,1260,13577
14,140000,1261,12944
14,140000,1262,13396
14,140000,1263,13209
14,140000,1264,13088
14,140000,1265,13234
14,140000,1266,13119
14,140000,1267,13367
14,140000,1268,13207
14,140000,1269,13434
14,140000,1270,13243
14,140000,1271,13315
14,140000,1272,13165
14,140000,1273,13225
14,140000,1274,13261
14,140000,1275,13216
14,140000,1276,13127
14,140000,1277,13210
14,140000,1278,13335
14,140000,1279,13357
14,140000,1280,13300
14,140000,1281,13316
14,140000,1283,13341
14,140000,1284,13080
14,140000,1285,13205
14,140000,1286,13150
14,140000,1287,13235
14,140000,1288,13210
14,140000,1289,13117
14,140000,1290,13212
14,140000,1291,13202
14,140000,1292,13066
14,140000,1293,13198
14,140000,1294,13374
14,140000,1295,13009
14,140000,1296,13193
14,140000,1297,13235
14,140000,1298,13184
14,140000,1299,13167
14,140000,1300,13487
14,140000,1301,13113
14,140000,1302,13519
14,140000,1303,13393
14,140000,1304,13347
14,140000,1305,13295
14,140000,1306,12975
14,140000,1307,13278
14,140000,1308,13309
14,140000,1309,13289
14,140000,1310,13336
14,140000,1311,13231
14,140000,1312,13169
14,140000,1313,13229
14,140000,1314,13313
14,140000,1315,13214
14,140000,1316,13077
14,140000,1317,13263
14,140000,1318,13285
14,140000,1319,13140
14,140000,1320,13250
14,140000,1321,13196
14,140000,1322,13146
14,140000,1323,13209
14,140000,1324,13253
14,140000,1325,13183
14,140000,1326,13349
14,140000,1327,13184
14,140000,1328,13327
14,140000,1329,13312
14,140000,1330,13165
14,140000,1331,13373
14,140000,1332,13124
14,140000,1333,13125
14,140000,1334,13428
14,140000,1335,13325
14,140000,1336,13249
14,140000,1337,13236
14,140000,1338,13056
14,140000,1339,13259
14,140000,1340,13295
14,140000,1341,13138
14,140000,1342,13324
14,140000,1343,13246
14,140000,1344,13322
14,140000,1345,13302
14,140000,1346,13114
14,140000,1347,13269
14,140000,1348,13242
14,140000,1349,13295
14,140000,1350,13199
14,140000,1351,13108
14,140000,1352,13144
14,140000,1353,13265
14,140000,1354,13246
14,140000,1355,13204
14,140000,1357,13092
14,140000,1358,13618
14,140000,1359,13324
14,140000,1360,13286
14,140000,1361,13176
14,140000,1362,13063
14,140000,1363,13135
14,140000,1364,13178
14,140000,1365,13175
14,140000,1366,13367
14,140000,1367,13063
14,140000,1368,13305
14,140000,1369,12962
14,140000,1370,13343
14,140000,1371,13338
14,140000,1372,13057
14,140000,1373,13050
14,140000,1374,13363
14,140000,1376,13211
14,140000,1377,13198
14,140000,1378,13389
14,140000,1379,13246
14,140000,1380,13415
14,140000,1381,13229
14,140000,1382,13262
14,140000,1383,13470
14,140000,1384,13097
14,140000,1385,13094
14,140000,1386,13286
14,140000,1387,13354
14,140000,1388,13103
14,140000,1389,13260
14,140000,1390,13176
14,140000,1391,13399
14,140000,1392,13256
14,140000,1393,13127
14,140000,1394,13210
14,140000,1395,13054
14,140000,1396,13182
14,140000,1397,13230
14,140000,1398,13325
14,140000,1399,13108
14,140000,1400,13371
14,140000,1401,13157
14,140000,1402,13353
14,140000,1403,13300
14,140000,1404,13171
14,140000,1406,13161
14,140000,1407,13112
14,140000,1408,13160
14,140000,1409,13312
14,140000,1410,13017
14,140000,1411,13246
14,140000,1412,13266
14,140000,1413,13307
14,140000,1415,13435
14,140000,1416,13169
14,140000,1417,13220
14,140000,1418,13195
14,140000,1419,13354
14,140000,1420,13149
14,140000,1421,13143
14,140000,1422,13173
14,140000,1423,13445
14,140000,1424,13483
14,140000,1425,13509
14,140000,1426,13165
14,140000,1427,13284
14,140000,1428,13312
14,140000,1429,13314
14,140000,1430,13195
14,140000,1431,13408
14,140000,1432,13301
14,140000,1433,13374
14,140000,1434,13035
14,140000,1435,13297
14,140000,1436,13124
14,140000,1437,13126
14,140000,1438,13175
14,140000,1439,13128
14,140000,1440,13388
14,140000,1441,13253
14,140000,1442,13335
14,140000,1443,13257
14,140000,1444,13291
14,140000,1445,13241
14,140000,1446,13267
14,140000,1447,13079
14,140000,1448,13420
14,140000,1449,13225
14,140000,1450,13411
14,140000,1451,13115
14,140000,1452,13175
14,140000,1453,13241
14,140000,1454,13193
14,140000,1455,13337
14,140000,1456,13501
14,140000,1458,13331
14,140000,1459,13251
14,140000,1460,13256
14,140000,1461,13152
14,140000,1462,13174
14,140000,1463,13454
14,140000,1464,13316
14,140000,1465,13377
14,140000,1466,13187
14,140000,1467,13179
14,140000,1468,13161
14,140000,1469,13134
14,140000,1470,13046
14,140000,1471,13263
14,140000,1472,13432
14,140000,1473,13349
14,140000,1474,13252
14,140000,1475,13261
14,140000,1476,13209
14,140000,1477,13254
14,140000,1478,13338
14,140000,1479,13353
14,140000,1480,13213
14,140000,1481,13219
14,140000,1482,13368
14,140000,1483,13104
14,140000,1484,13404
14,140000,1485,13346
14,140000,1486,13126
14,140000,1487,13150
14,140000,1488,13201
14,140000,1489,13142
14,140000,1490,13154
14,140000,1491,13232
14,140000,1492,13125
14,140000,1493,13201
14,140000,1494,13383
14,140000,1495,13312
14,140000,1496,13267
14,140000,1497,13254
14,140000,1498,13308
14,140000,1499,13218
14,140000,1500,13117
14,140000,1501,13068
14,140000,1502,13147
14,140000,1503,13435
14,140000,1504,13174
14,140000,1505,13385
14,140000,1506,13303
14,140000,1507,13362
14,140000,1508,13457
14,140000,1509,13020
14,140000,1510,13368
14,140000,1511,13284
14,140000,1512,13453
14,140000,1513,13031
14,140000,1514,13343
14,140000,1515,13115
14,140000,1516,13346
14,140000,1517,13199
14,140000,1518,13305
14,140000,1519,13393
14,140000,1520,13370
14,140000,1521,13168
14,140000,1522,13353
14,140000,1523,12964
14,140000,1524,13329
14,140000,1525,13186
14,140000,1526,13080
14,140000,1527,13219
14,140000,1528,13405
14,140000,1529,13165
14,140000,1530,13285
14,140000,1531,13240
14,140000,1532,13508
14,140000,1533,13302
14,140000,1534,13348
14,140000,1535,13148
14,140000,1536,13081
14,140000,1537,13275
14,140000,1538,13341
14,140000,1539,13402
14,140000,1540,13279
14,140000,1541,13113
14,140000,1542,13322
14,140000,1543,13262
14,140000,1544,13060
14,140000,1545,13440
14,140000,1546,13193
14,140000,1547,13128
14,140000,1548,13183
14,140000,1549,13321
16,160000,1,26368
16,160000,2,26718
16,160000,3,26843
16,160000,4,26706
16,160000,5,26294
16,160000,6,26213
16,160000,7,26302
16,160000,9,26823
16,160000,11,26482
16,160000,12,26635
16,160000,13,26575
16,160000,14,26803
16,160000,15,26649
16,160000,16,26403
16,160000,17,26469
16,160000,19,26435
16,160000,20,26241
16,160000,21,26183
16,160000,22,26180
16,160000,23,26413
16,160000,24,26914
16,160000,25,26733
16,160000,26,26282
16,160000,27,26715
16,160000,28,26430
16,160000,29,26717
16,160000,30,26346
16,160000,31,26711
16,160000,32,26774
16,160000,33,26596
16,160000,34,26709
16,160000,35,26804
16,160000,36,26418
16,160000,37,26401
16,160000,38,26623
16,160000,39,26556
16,160000,40,26586
16,160000,41,26376
16,160000,42,26401
16,160000,43,26736
16,160000,44,26497
16,160000,45,26606
16,160000,46,26171
16,160000,48,26381
16,160000,49,26350
16,160000,50,26741
16,160000,51,26669
16,160000,52,26318
16,160000,53,26451
16,160000,54,26686
16,160000,55,26501
16,160000,56,26267
16,160000,57,26486
16,160000,58,26535
16,160000,59,26707
16,160000,60,26710
16,160000,61,26576
16,160000,62,26628
16,160000,63,26326
16,160000,64,26295
16,160000,65,26687
16,160000,66,26645
16,160000,67,26406
16,160000,68,26401
16,160000,69,26653
16,160000,70,26442
16,160000,71,26742
16,160000,72,26798
16,160000,73,26907
16,160000,74,26746
16,160000,75,26552
16,160000,76,26678
16,160000,77,26449
16,160000,78,26537
16,160000,79,26375
16,160000,80,27248
16,160000,81,26658
16,160000,82,26482
16,160000,83,26505
16,160000,84,26321
16,160000,85,26540
16,160000,86,26693
16,160000,87,26974
16,160000,88,26634
16,160000,89,26716
16,160000,90,26591
16,160000,91,26578
16,160000,92,26677
16,160000,93,26380
16,160000,94,26829
16,160000,95,26675
16,160000,96,26736
16,160000,97,26585
16,160000,98,26415
16,160000,99,26559
16,160000,100,26834
16,160000,101,26256
16,160000,102,26786
16,160000,103,26564
16,160000,104,26848
16,160000,105,26527
16,160000,106,26938
16,160000,107,26662
16,160000,108,26469
16,160000,109,26758
16,160000,110,26692
16,160000,111,26677
16,160000,112,26290
16,160000,113,26708
16,160000,114,26678
16,160000,115,26705
16,160000,116,26896
16,160000,117,26498
16,160000,119,25790
16,160000,124,26497
16,160000,125,26678
16,160000,126,26482
16,160000,129,26542
16,160000,130,26628
16,160000,131,26826
16,160000,132,26622
16,160000,133,26575
16,160000,134,26623
16,160000,135,26684
16,160000,136,26477
16,160000,137,26487
16,160000,138,26733
16,160000,139,26566
16,160000,141,26601
16,160000,142,26657
16,160000,143,26596
16,160000,144,26709
16,160000,145,26680
16,160000,146,26782
16,160000,147,26582
16,160000,148,26454
16,160000,149,26806
16,160000,150,26660
16,160000,151,26587
16,160000,152,26822
16,160000,153,26390
16,160000,154,26593
16,160000,155,26646
16,160000,156,26369
16,160000,157,26787
16,160000,158,26879
16,160000,159,26669
16,160000,160,26420
16,160000,161,26749
16,160000,162,26509
16,160000,163,26668
16,160000,164,26961
16,160000,165,26332
16,160000,166,26465
16,160000,167,26782
16,160000,168,26872
16,160000,169,26927
16,160000,170,26426
16,160000,171,27055
16,160000,172,26427
16,160000,173,26700
16,160000,174,26599
16,160000,175,26594
16,160000,176,26701
16,160000,177,26727
16,160000,178,26606
16,160000,179,26730
16,160000,180,26298
16,160000,181,26539
16,160000,182,26849
16,160000,183,27086
16,160000,184,26769
16,160000,185,26384
16,160000,186,26587
16,160000,187,26344
16,160000,188,26579
16,160000,189,26374
16,160000,190,26713
16,160000,191,26459
16,160000,192,26698
16,160000,193,26805
16,160000,194,26824
16,160000,195,26613
16,160000,196,26679
16,160000,197,26551
16,160000,198,26573
16,160000,199,26771
16,160000,200,26470
16,160000,201,26416
16,160000,202,26493
16,160000,203,26607
16,160000,204,26374
16,160000,205,26465
16,160000,206,26634
16,160000,207,26738
16,160000,208,26820
16,160000,209,26409
16,160000,210,26403
16,160000,211,26729
16,160000,212,26559
16,160000,213,26435
16,160000,214,26544
16,160000,215,26710
16,160000,216,26508
16,160000,217,26748
16,160000,218,26619
16,160000,219,26729
16,160000,221,26540
16,160000,223,26548
16,160000,224,26881
16,160000,225,26731
16,160000,226,26591
16,160000,227,26662
16,160000,228,26840
16,160000,229,26458
16,160000,230,26811
16,160000,231,26767
16,160000,232,26723
16,160000,233,26369
16,160000,234,26728
16,160000,235,26387
16,160000,236,26413
16,160000,237,26483
16,160000,238,26497
16,160000,239,26557
16,160000,240,26891
16,160000,241,26262
16,160000,242,26618
16,160000,243,26529
16,160000,244,26385
16,160000,245,26516
16,160000,247,26786
16,160000,248,26254
16,160000,249,26611
16,160000,250,26571
16,160000,251,26759
16,160000,252,26919
16,160000,253,26687
16,160000,254,26996
16,160000,255,26618
16,160000,256,26663
16,160000,257,26655
16,160000,258,26502
16,160000,259,26797
16,160000,260,26649
16,160000,261,26702
16,160000,262,26501
16,160000,263,26803
16,160000,264,26783
16,160000,265,26765
16,160000,266,26433
16,160000,267,26476
16,160000,268,26992
16,160000,269,26646
16,160000,270,26713
16,160000,271,26747
16,160000,272,26844
16,160000,273,26491
16,160000,274,26627
16,160000,275,26478
16,160000,276,26466
16,160000,277,26535
16,160000,278,26608
16,160000,279,26379
16,160000,280,26734
16,160000,281,26749
16,160000,282,26689
16,160000,283,26730
16,160000,284,26265
16,160000,285,26248
16,160000,286,26392
16,160000,287,26417
16,160000,288,26552
16,160000,289,26603
16,160000,290,26490
16,160000,291,26489
16,160000,292,26496
16,160000,293,26299
16,160000,294,26531
16,160000,295,26469
16,160000,296,26965
16,160000,297,26586
16,160000,298,26792
16,160000,299,26908
16,160000,300,26577
16,160000,301,26756
16,160000,302,26716
16,160000,303,26758
16,160000,304,26777
16,160000,305,26391
16,160000,306,26797
16,160000,307,26421
16,160000,308,26811
16,160000,309,26438
16,160000,310,26740
16,160000,311,26685
16,160000,312,26468
16,160000,313,26219
16,160000,314,26511
16,160000,315,26990
16,160000,316,26462
16,160000,317,26683
16,160000,318,26482
16,160000,319,26328
16,160000,320,26377
16,160000,321,26539
16,160000,322,26618
16,160000,323,26475
16,160000,324,26750
16,160000,325,26819
16,160000,326,26715
16,160000,327,26685
16,160000,328,26627
16,160000,329,26679
16,160000,330,26707
16,160000,331,26476
16,160000,332,26771
16,160000,333,26559
16,160000,334,26801
16,160000,335,26632
16,160000,336,26849
16,160000,337,26569
16,160000,338,26572
16,160000,339,26885
16,160000,340,26905
16,160000,341,26737
16,160000,342,26769
16,160000,343,26827
16,160000,344,26478
16,160000,345,26650
16,160000,346,26676
16,160000,347,26568
16,160000,348,26922
16,160000,349,26689
13,130000,226,9128
13,130000,227,8809
13,130000,228,9043
13,130000,229,9052
13,130000,230,8881
13,130000,231,9048
13,130000,232,9031
13,130000,233,9049
13,130000,234,9084
13,130000,235,8928
13,130000,236,8991
13,130000,237,9102
13,130000,238,9062
13,130000,239,9003
13,130000,240,8946
13,130000,241,9062
13,130000,242,8986
13,130000,243,8886
13,130000,244,8844
13,130000,245,8956
13,130000,246,8906
13,130000,247,8950
13,130000,248,9047
13,130000,249,8935
13,130000,250,8852
13,130000,251,9007
13,130000,252,8973
13,130000,253,9118
13,130000,254,9055
13,130000,255,9044
13,130000,256,8823
13,130000,257,9116
13,130000,258,8955
13,130000,259,8956
13,130000,260,9004
13,130000,261,8978
13,130000,262,8994
13,130000,263,9138
13,130000,264,8914
13,130000,265,8943
13,130000,266,8816
13,130000,267,9119
13,130000,268,9198
13,130000,269,9021
13,130000,270,9024
13,130000,271,9070
13,130000,272,9128
13,130000,273,9112
13,130000,274,9028
13,130000,275,8913
13,130000,276,9220
13,130000,277,8990
13,130000,278,9003
13,130000,279,9015
13,130000,280,9182
13,130000,281,9063
13,130000,282,9108
13,130000,283,9108
13,130000,284,8959
13,130000,285,9112
13,130000,286,8993
13,130000,287,8948
13,130000,288,9071
13,130000,289,8833
13,130000,290,9114
13,130000,291,9014
13,130000,292,8938
13,130000,293,9039
13,130000,294,8821
13,130000,295,8948
13,130000,296,8962
13,130000,297,9028
13,130000,298,9142
13,130000,299,8865
13,130000,300,8902
13,130000,301,9072
13,130000,302,9016
13,130000,303,9015
13,130000,304,9042
13,130000,305,9094
13,130000,306,8888
13,130000,307,8999
13,130000,308,9169
13,130000,309,8951
13,130000,310,9127
13,130000,311,9057
13,130000,312,9220
13,130000,313,8933
13,130000,314,8897
13,130000,315,9101
13,130000,316,8985
13,130000,317,9048
13,130000,318,9165
13,130000,319,8911
13,130000,320,9048
13,130000,321,8958
13,130000,322,8916
13,130000,323,8959
13,130000,324,8907
13,130000,325,9098
13,130000,326,9099
13,130000,327,9025
13,130000,328,8990
13,130000,329,8986
13,130000,330,8869
13,130000,331,9054
13,130000,332,8961
13,130000,333,8899
13,130000,334,8931
13,130000,335,8952
13,130000,336,8968
13,130000,337,9053
13,130000,338,9022
13,130000,339,8750
13,130000,340,8936
13,130000,341,8929
13,130000,342,8977
13,130000,343,8981
13,130000,344,9032
13,130000,345,8815
13,130000,346,9098
13,130000,347,8716
13,130000,348,8875
13,130000,349,9225
13,130000,350,8964
13,130000,351,9320
13,130000,352,8972
13,130000,353,9084
13,130000,354,8997
13,130000,355,8898
13,130000,356,8870
13,130000,357,8998
13,130000,358,8835
13,130000,359,8954
13,130000,360,9065
13,130000,361,9133
13,130000,362,9031
13,130000,363,9098
13,130000,364,8992
13,130000,365,8933
13,130000,366,8958
13,130000,367,8964
13,130000,368,9036
13,130000,369,8928
13,130000,370,9010
13,130000,371,8885
13,130000,372,8914
13,130000,373,9058
13,130000,374,9125
13,130000,375,8989
13,130000,376,8945
13,130000,377,8998
13,130000,378,9096
13,130000,379,9175
13,130000,380,9053
13,130000,381,9021
13,130000,382,9193
13,130000,383,9038
13,130000,384,9018
13,130000,385,8863
13,130000,386,8931
13,130000,387,9175
13,130000,388,9015
13,130000,389,9062
13,130000,390,8864
13,130000,391,8950
13,130000,392,9061
13,130000,393,9039
13,130000,394,9045
13,130000,395,9027
13,130000,396,9121
13,130000,397,8959
13,130000,398,8970
13,130000,399,9172
13,130000,400,9093
13,130000,401,9045
13,130000,402,9102
13,130000,403,9023
13,130000,404,9102
13,130000,405,9194
13,130000,406,9023
13,130000,407,8988
13,130000,408,9024
13,130000,409,9091
13,130000,410,8875
13,130000,411,9031
13,130000,412,8926
13,130000,413,9072
13,130000,414,8892
13,130000,415,9006
13,130000,416,8939
13,130000,417,9002
13,130000,418,9028
13,130000,419,8930
13,130000,420,8981
13,130000,421,9065
13,130000,422,8997
13,130000,423,8932
13,130000,424,9194
13,130000,425,9093
13,130000,426,9071
13,130000,427,9003
13,130000,428,8895
13,130000,429,8954
13,130000,430,9221
13,130000,431,9213
13,130000,432,8915
13,130000,433,9099
13,130000,434,9038
13,130000,435,9032
13,130000,436,9038
13,130000,437,9135
13,130000,438,8993
13,130000,439,9057
13,130000,440,8905
13,130000,441,9164
13,130000,442,9001
13,130000,443,8971
13,130000,444,9067
13,130000,445,9027
13,130000,446,9076
13,130000,447,8865
13,130000,448,9075
13,130000,449,8968
13,130000,450,9096
13,130000,451,9019
13,130000,452,9180
13,130000,453,9109
13,130000,454,8890
13,130000,455,9016
13,130000,456,9168
13,130000,457,8835
13,130000,458,9061
13,130000,459,8950
13,130000,460,8825
13,130000,461,8951
13,130000,462,9027
13,130000,463,8801
13,130000,464,9141
13,130000,465,8987
13,130000,466,9014
13,130000,467,9068
13,130000,468,9043
13,130000,469,8972
13,130000,470,8983
13,130000,471,8923
13,130000,472,8910
13,130000,473,9047
13,130000,474,8976
13,130000,475,8989
13,130000,476,9000
13,130000,477,8921
13,130000,478,9071
13,130000,479,8960
13,130000,480,8997
13,130000,481,9194
13,130000,482,8848
13,130000,483,9064
13,130000,484,9020
13,130000,485,9068
13,130000,486,9157
13,130000,487,9012
13,130000,488,9023
13,130000,489,9222
13,130000,490,8909
13,130000,491,8979
13,130000,492,9158
13,130000,493,8953
13,130000,494,9051
13,130000,495,8974
13,130000,496,9056
13,130000,497,9060
13,130000,498,9046
13,130000,499,8993
13,130000,500,9061
13,130000,501,9009
13,130000,502,9028
13,130000,503,8908
13,130000,504,9077
13,130000,505,8950
13,130000,506,9033
13,130000,507,9278
13,130000,508,8881
13,130000,509,8860
13,130000,510,8850
13,130000,511,8948
13,130000,512,8995
13,130000,513,9041
13,130000,514,8892
13,130000,515,9044
13,130000,516,9148
13,130000,517,8869
13,130000,518,9009
13,130000,519,9030
13,130000,520,9007
13,130000,521,9041
13,130000,522,9081
13,130000,523,9066
13,130000,524,9030
13,130000,525,8939
13,130000,526,8875
13,130000,527,9085
13,130000,528,8741
13,130000,529,8976
13,130000,530,8973
13,130000,531,8976
13,130000,532,9079
13,130000,533,8935
13,130000,534,8991
13,130000,535,8959
13,130000,536,8849
13,130000,537,8950
13,130000,538,9122
13,130000,539,9077
13,130000,540,9118
13,130000,541,9149
13,130000,542,9013
13,130000,543,8991
13,130000,544,8978
13,130000,545,8979
13,130000,546,8973
13,130000,547,9033
13,130000,548,8836
13,130000,549,9200
13,130000,550,8951
13,130000,551,9071
13,130000,552,9089
13,130000,553,8801
13,130000,554,8966
13,130000,555,9201
13,130000,556,9077
13,130000,557,9063
13,130000,558,9074
13,130000,559,9016
13,130000,560,9111
13,130000,561,9111
13,130000,562,9072
13,130000,563,8988
13,130000,564,9062
13,130000,565,9086
13,130000,566,9107
13,130000,567,8848
13,130000,568,9024
13,130000,569,9064
13,130000,570,9023
13,130000,571,8888
13,130000,572,8962
13,130000,573,9027
13,130000,574,8911
13,130000,575,9210
13,130000,576,8982
13,130000,577,8996
13,130000,578,9047
13,130000,579,8996
13,130000,580,8931
13,130000,581,8928
13,130000,582,8940
13,130000,583,8983
13,130000,584,8957
13,130000,585,9023
13,130000,586,8944
13,130000,587,8828
13,130000,588,9090
13,130000,589,8982
13,130000,590,8957
13,130000,591,8981
13,130000,592,9082
13,130000,593,8979
13,130000,594,9017
13,130000,595,8916
13,130000,596,8991
13,130000,597,8967
13,130000,598,9092
13,130000,599,9027
13,130000,600,8935
13,130000,601,9100
13,130000,602,9111
13,130000,603,9103
13,130000,604,9154
13,130000,605,8819
13,130000,606,8986
13,130000,607,9059
13,130000,608,8858
13,130000,609,8948
13,130000,610,8918
13,130000,611,8922
13,130000,612,8885
13,130000,613,8943
13,130000,614,9032
13,130000,615,9128
13,130000,616,9051
13,130000,617,9175
13,130000,618,9107
13,130000,619,8974
13,130000,620,9127
13,130000,621,9071
13,130000,622,8969
13,130000,623,8943
13,130000,624,9132
13,130000,625,9086
13,130000,626,9003
13,130000,627,9126
13,130000,628,9070
13,130000,629,8941
13,130000,630,9032
13,130000,631,9002
13,130000,632,9006
13,130000,633,9009
13,130000,634,9061
13,130000,635,8865
13,130000,636,9033
13,130000,637,8890
13,130000,638,9005
13,130000,639,9156
13,130000,640,9068
13,130000,641,8979
13,130000,642,9163
13,130000,643,8885
13,130000,644,9059
13,130000,645,8912
13,130000,646,9097
13,130000,647,8973
13,130000,648,8854
13,130000,649,9065
13,130000,650,9064
13,130000,651,8915
13,130000,652,8970
13,130000,653,8975
13,130000,654,8792
13,130000,655,9042
13,130000,656,9001
13,130000,657,8961
13,130000,658,9247
13,130000,659,9097
13,130000,660,8987
13,130000,661,8868
13,130000,662,9001
13,130000,663,9069
13,130000,664,8992
13,130000,665,9048
13,130000,666,8918
13,130000,667,9082
13,130000,668,8839
13,130000,669,8802
13,130000,670,9015
13,130000,671,8908
13,130000,672,9024
13,130000,673,8939
13,130000,674,8864
13,130000,675,8865
13,130000,676,8956
13,130000,677,9117
13,130000,678,8817
13,130000,679,8934
13,130000,680,9056
13,130000,681,9090
13,130000,682,9094
13,130000,683,9029
13,130000,684,8980
13,130000,685,9114
13,130000,686,8921
13,130000,687,8923
13,130000,688,9003
13,130000,689,9136
13,130000,690,9098
13,130000,691,9086
13,130000,692,9046
13,130000,693,9008
13,130000,694,8951
13,130000,695,8914
13,130000,696,9128
13,130000,697,8975
13,130000,698,9053
13,130000,699,8921
13,130000,700,8979
13,130000,701,9092
13,130000,702,8988
13,130000,703,9069
13,130000,704,9065
13,130000,705,9041
13,130000,706,9239
13,130000,707,8970
13,130000,708,9039
13,130000,709,9147
13,130000,710,8897
13,130000,711,8910
13,130000,712,8945
13,130000,713,8767
13,130000,714,8972
13,130000,715,8986
13,130000,716,9034
13,130000,717,9100
13,130000,718,8944
13,130000,719,9020
13,130000,720,8932
13,130000,721,8989
13,130000,722,8886
13,130000,723,8956
13,130000,724,9085
13,130000,725,8993
13,130000,726,9015
13,130000,727,8972
13,130000,728,9040
13,130000,729,9023
13,130000,730,9062
13,130000,731,9031
13,130000,732,9093
13,130000,733,8926
13,130000,734,8979
13,130000,735,9005
13,130000,736,8951
13,130000,737,9056
13,130000,738,9044
13,130000,739,8924
13,130000,740,9025
13,130000,741,8948
13,130000,742,8927
13,130000,743,9036
13,130000,744,8902
13,130000,745,9020
13,130000,746,8872
13,130000,747,8962
13,130000,748,8901
13,130000,749,8953
13,130000,750,9017
13,130000,751,8989
13,130000,752,8965
13,130000,753,8975
13,130000,754,9081
13,130000,755,8922
13,130000,756,8909
13,130000,757,8979
13,130000,758,9059
13,130000,759,9236
13,130000,760,9278
13,130000,761,8943
13,130000,762,9204
13,130000,763,9052
13,130000,764,9014
13,130000,765,9201
13,130000,766,9139
13,130000,767,8973
13,130000,768,8985
13,130000,769,9111
13,130000,770,9070
13,130000,771,8862
13,130000,772,8857
13,130000,773,9083
13,130000,774,8892
13,130000,775,8947
13,130000,776,9111
13,130000,777,9028
13,130000,778,9146
13,130000,779,9040
13,130000,780,9129
13,130000,781,9052
13,130000,782,8926
13,130000,783,9000
13,130000,784,9017
13,130000,785,8884
13,130000,786,9021
13,130000,787,8787
13,130000,788,8996
13,130000,789,9050
13,130000,790,9171
13,130000,791,8854
13,130000,792,8901
13,130000,793,8862
13,130000,794,8908
13,130000,795,9093
13,130000,796,9059
13,130000,797,9058
13,130000,798,9006
13,130000,799,9034
13,130000,800,9109
13,130000,801,9025
13,130000,802,9094
13,130000,803,9037
13,130000,804,8908
13,130000,805,9027
13,130000,806,9028
13,130000,807,9085
13,130000,808,9077
13,130000,809,9001
13,130000,810,9239
13,130000,811,8793
13,130000,812,8955
13,130000,813,9168
13,130000,814,9223
13,130000,815,8885
13,130000,816,8997
13,130000,817,9030
13,130000,818,8898
13,130000,819,8854
13,130000,820,8998
13,130000,821,9026
13,130000,822,8839
13,130000,823,9034
13,130000,824,9064
13,130000,825,9116
13,130000,826,9011
13,130000,827,8976
13,130000,828,9079
13,130000,829,8965
13,130000,830,8963
13,130000,831,9098
13,130000,832,9204
13,130000,833,8987
13,130000,834,9061
13,130000,835,9028
13,130000,836,8911
13,130000,837,9227
13,130000,838,9060
13,130000,839,8826
13,130000,840,8883
13,130000,841,8951
13,130000,842,9140
13,130000,843,9035
13,130000,844,8965
13,130000,845,8967
13,130000,846,8982
13,130000,847,8950
13,130000,848,8857
13,130000,849,8957
13,130000,850,9042
13,130000,851,9013
13,130000,852,9059
13,130000,853,8929
13,130000,854,9022
13,130000,855,9098
13,130000,856,8988
13,130000,857,9045
13,130000,858,9099
13,130000,859,8913
13,130000,860,9027
13,130000,861,8888
13,130000,862,9075
13,130000,863,8898
13,130000,864,8878
13,130000,865,9061
13,130000,866,9020
13,130000,867,8996
13,130000,868,8990
13,130000,869,8985
13,130000,870,8919
13,130000,871,8952
13,130000,872,8874
13,130000,873,8928
13,130000,874,9049
13,130000,875,9234
13,130000,876,8955
13,130000,877,9077
13,130000,878,9042
13,130000,879,9125
13,130000,880,9077
13,130000,881,9041
13,130000,882,9035
13,130000,883,8904
13,130000,884,9027
13,130000,885,9065
13,130000,886,8995
13,130000,887,9032
13,130000,888,9066
13,130000,889,8961
13,130000,890,9071
13,130000,891,9124
13,130000,892,9115
13,130000,893,8969
13,130000,894,9013
13,130000,895,8972
13,130000,896,8981
13,130000,897,9230
13,130000,898,9102
13,130000,899,9018
13,130000,900,9084
13,130000,901,8969
13,130000,902,8978
13,130000,903,8960
13,130000,904,8872
13,130000,905,8993
13,130000,906,8900
13,130000,907,9146
13,130000,908,8931
13,130000,909,8925
13,130000,910,9043
13,130000,911,9026
13,130000,912,9103
13,130000,913,9044
13,130000,914,9059
13,130000,915,9061
13,130000,916,9063
13,130000,917,8976
13,130000,918,9194
13,130000,919,9118
13,130000,920,8935
13,130000,921,9016
13,130000,922,9045
13,130000,923,8953
13,130000,924,9051
13,130000,925,8947
13,130000,926,9146
13,130000,927,8970
13,130000,928,9049
13,130000,929,8953
13,130000,930,9091
13,130000,931,9010
13,130000,932,8993
13,130000,933,9010
13,130000,934,9057
13,130000,935,8960
13,130000,936,9059
13,130000,937,8918
13,130000,938,9038
13,130000,939,8987
13,130000,940,9009
13,130000,941,9043
13,130000,942,8970
13,130000,943,8920
13,130000,944,8924
13,130000,945,9042
13,130000,946,8932
13,130000,947,8920
13,130000,948,9271
13,130000,949,8823
13,130000,950,8972
13,130000,951,9022
13,130000,952,9062
13,130000,953,8960
13,130000,954,9166
13,130000,955,8937
13,130000,956,9134
13,130000,957,9026
13,130000,958,9058
13,130000,959,9107
13,130000,960,9057
13,130000,961,9104
13,130000,962,8939
13,130000,963,9207
13,130000,964,8935
13,130000,965,9102
13,130000,966,8887
13,130000,967,9264
13,130000,968,9110
13,130000,969,8821
13,130000,970,9037
13,130000,971,8958
13,130000,972,9126
13,130000,973,8871
13,130000,974,8931
13,130000,975,9012
13,130000,976,8990
13,130000,977,8934
13,130000,978,8953
13,130000,979,9025
13,130000,980,9182
13,130000,981,9119
13,130000,982,9078
13,130000,983,9063
13,130000,984,9052
13,130000,985,8965
13,130000,986,9103
13,130000,987,8985
13,130000,988,8924
13,130000,989,8847
13,130000,990,8976
13,130000,991,9035
13,130000,992,9010
13,130000,993,8882
13,130000,994,9015
13,130000,995,9005
13,130000,996,9038
13,130000,997,8924
13,130000,998,9020
13,130000,999,8958
13,130000,1000,9021
13,130000,1001,8922
13,130000,1002,9005
13,130000,1003,8998
13,130000,1004,9016
13,130000,1005,8946
13,130000,1006,8937
13,130000,1007,9071
13,130000,1008,9087
13,130000,1009,9120
13,130000,1010,9098
13,130000,1011,9115
13,130000,1012,8913
13,130000,1013,9045
13,130000,1014,9009
13,130000,1015,8974
13,130000,1016,9111
13,130000,1017,9019
13,130000,1018,8996
13,130000,1019,8966
13,130000,1020,9106
13,130000,1021,8938
13,130000,1022,9076
13,130000,1023,8903
13,130000,1024,9043
13,130000,1025,9083
13,130000,1026,9164
13,130000,1027,8902
13,130000,1028,9026
13,130000,1029,9116
13,130000,1030,8930
13,130000,1031,8982
13,130000,1032,8992
13,130000,1033,8922
13,130000,1034,8793
13,130000,1035,9030
13,130000,1036,9169
13,130000,1037,9153
13,130000,1038,8909
13,130000,1039,9119
13,130000,1040,9046
13,130000,1041,8889
13,130000,1042,9037
13,130000,1043,8799
13,130000,1044,8846
13,130000,1045,9125
13,130000,1046,8889
13,130000,1047,8935
13,130000,1048,9033
13,130000,1049,8902
13,130000,1050,9023
13,130000,1051,9099
13,130000,1052,8893
13,130000,1053,9100
13,130000,1054,8950
13,130000,1055,8942
13,130000,1056,9109
13,130000,1057,8899
13,130000,1058,8956
13,130000,1059,8931
13,130000,1060,9059
13,130000,1061,9095
13,130000,1062,8998
13,130000,1063,8941
13,130000,1064,9015
13,130000,1065,9001
13,130000,1066,9035
13,130000,1067,8968
13,130000,1068,8841
13,130000,1069,9031
13,130000,1070,9061
13,130000,1071,9297
13,130000,1072,9075
13,130000,1073,9157
13,130000,1074,9051
13,130000,1075,9111
13,130000,1076,8975
13,130000,1077,8842
13,130000,1078,8851
13,130000,1079,8972
13,130000,1080,8989
13,130000,1081,8858
13,130000,1082,9080
13,130000,1083,8901
13,130000,1084,8838
13,130000,1085,9166
13,130000,1086,9068
13,130000,1087,9091
13,130000,1088,9107
13,130000,1089,8896
13,130000,1090,9071
13,130000,1091,8997
13,130000,1092,9200
13,130000,1093,9126
13,130000,1094,9100
13,130000,1095,9228
13,130000,1096,8949
13,130000,1097,9028
13,130000,1098,9101
13,130000,1099,8985
13,130000,1100,9084
13,130000,1101,8960
13,130000,1102,8978
13,130000,1103,9164
13,130000,1104,8916
13,130000,1105,8964
13,130000,1106,9081
13,130000,1107,9032
13,130000,1108,9162
13,130000,1109,9029
13,130000,1110,8950
13,130000,1111,8896
13,130000,1112,8870
13,130000,1113,8988
13,130000,1114,8896
13,130000,1115,8985
13,130000,1116,9079
13,130000,1117,8937
13,130000,1118,8972
13,130000,1119,8964
13,130000,1120,8977
13,130000,1121,8890
13,130000,1122,8976
13,130000,1123,9012
13,130000,1124,9091
13,130000,1125,9055
13,130000,1126,8896
13,130000,1127,8964
13,130000,1128,8909
13,130000,1129,8943
13,130000,1130,9054
13,130000,1131,8910
13,130000,1132,8935
13,130000,1133,9098
13,130000,1134,8958
13,130000,1135,8883
13,130000,1136,8977
13,130000,1137,9081
13,130000,1138,8994
13,130000,1139,9069
13,130000,1140,9054
13,130000,1141,9008
13,130000,1142,9202
13,130000,1143,9001
13,130000,1144,9001
13,130000,1145,8996
13,130000,1146,9022
13,130000,1147,9044
13,130000,1148,9076
13,130000,1149,8814
13,130000,1150,9119
13,130000,1151,9035
13,130000,1152,8913
13,130000,1153,8972
13,130000,1154,8997
13,130000,1155,8942
13,130000,1156,9001
13,130000,1157,8955
13,130000,1158,8949
13,130000,1159,8850
13,130000,1160,8970
13,130000,1161,9048
13,130000,1162,9042
13,130000,1163,9062
13,130000,1164,9134
13,130000,1165,9109
13,130000,1166,8917
13,130000,1167,8936
13,130000,1168,8923
13,130000,1169,9059
13,130000,1170,8837
13,130000,1171,8928
13,130000,1172,8962
13,130000,1173,9152
13,130000,1174,8927
13,130000,1175,8879
13,130000,1176,9006
13,130000,1177,8948
13,130000,1178,9052
13,130000,1179,8927
13,130000,1180,9081
13,130000,1181,9018
13,130000,1182,9041
13,130000,1183,9054
13,130000,1184,8944
13,130000,1185,9043
13,130000,1186,9120
13,130000,1187,8913
13,130000,1188,8899
13,130000,1189,8854
13,130000,1190,9053
13,130000,1191,9104
13,130000,1192,8999
13,130000,1193,8936
13,130000,1194,8944
13,130000,1195,8832
13,130000,1196,9063
13,130000,1197,8944
13,130000,1198,9085
13,130000,1199,8840
13,130000,1200,9057
13,130000,1201,8820
13,130000,1202,9032
13,130000,1203,8911
13,130000,1204,9100
13,130000,1205,9185
13,130000,1206,9026
13,130000,1207,9093
13,130000,1208,8860
13,130000,1209,8940
13,130000,1210,8957
13,130000,1211,9106
13,130000,1212,9032
13,130000,1213,8910
13,130000,1214,8956
13,130000,1215,8964
13,130000,1216,8920
13,130000,1217,9062
13,130000,1218,9111
13,130000,1219,8862
13,130000,1220,8935
13,130000,1221,8917
13,130000,1222,8957
13,130000,1223,8830
13,130000,1224,8977
13,130000,1225,8838
13,130000,1226,8978
13,130000,1227,8855
13,130000,1228,8982
13,130000,1229,8877
13,130000,1230,9029
13,130000,1231,8977
13,130000,1232,9044
13,130000,1233,9048
13,130000,1234,8938
13,130000,1235,8969
13,130000,1236,9071
13,130000,1237,8923
13,130000,1238,8955
13,130000,1239,8854
13,130000,1240,8936
13,130000,1241,8964
13,130000,1242,9060
13,130000,1243,8953
13,130000,1244,8953
13,130000,1245,9045
13,130000,1246,8948
13,130000,1247,9240
13,130000,1248,9009
13,130000,1249,8942
13,130000,1250,9112
13,130000,1251,8927
13,130000,1252,8886
13,130000,1253,9109
13,130000,1254,9183
13,130000,1255,8935
13,130000,1256,8981
13,130000,1257,9007
13,130000,1258,9014
13,130000,1259,9011
13,130000,1260,8876
13,130000,1261,8868
13,130000,1262,8983
13,130000,1263,9130
13,130000,1264,8969
13,130000,1265,8913
13,130000,1266,9143
13,130000,1267,9003
13,130000,1268,9035
13,130000,1269,9044
13,130000,1270,8921
13,130000,1271,9029
13,130000,1272,9041
13,130000,1273,8994
13,130000,1274,9011
13,130000,1275,9067
13,130000,1276,8905
13,130000,1277,8880
13,130000,1278,8979
13,130000,1279,9130
13,130000,1280,9052
13,130000,1281,8852
13,130000,1282,9107
13,130000,1283,8935
13,130000,1284,8934
13,130000,1285,8910
13,130000,1286,9086
13,130000,1287,8910
13,130000,1288,9106
13,130000,1289,9099
13,130000,1290,8940
13,130000,1291,9109
13,130000,1292,8977
13,130000,1293,9139
13,130000,1294,8875
13,130000,1295,8892
13,130000,1296,8987
13,130000,1297,8965
13,130000,1298,8926
13,130000,1299,8940
13,130000,1300,9012
13,130000,1301,8865
13,130000,1302,8999
13,130000,1303,9005
13,130000,1304,8919
13,130000,1305,8853
13,130000,1306,8903
13,130000,1307,9134
13,130000,1308,8753
13,130000,1309,8937
13,130000,1310,9093
13,130000,1311,8988
13,130000,1312,9062
13,130000,1313,9023
13,130000,1314,8957
13,130000,1315,9047
13,130000,1316,9113
13,130000,1317,8914
13,130000,1318,9088
13,130000,1319,8780
13,130000,1320,8912
13,130000,1321,8998
13,130000,1322,8909
13,130000,1323,9202
13,130000,1324,8989
13,130000,1325,9046
13,130000,1326,8907
13,130000,1327,9058
13,130000,1328,9070
13,130000,1329,9146
13,130000,1330,9201
13,130000,1331,8952
13,130000,1332,9024
13,130000,1333,8954
13,130000,1334,8933
13,130000,1335,8887
13,130000,1336,9026
13,130000,1337,8891
13,130000,1338,9016
13,130000,1339,8933
13,130000,1340,9098
13,130000,1341,9136
13,130000,1342,8952
13,130000,1343,8879
13,130000,1344,8982
13,130000,1345,9036
13,130000,1346,9095
13,130000,1347,9018
13,130000,1348,8985
13,130000,1349,8919
13,130000,1350,9041
13,130000,1351,9022
13,130000,1352,8916
13,130000,1353,9157
13,130000,1354,8973
13,130000,1355,8969
13,130000,1356,9004
13,130000,1357,9094
13,130000,1358,9027
13,130000,1359,9033
13,130000,1360,8909
13,130000,1361,9030
13,130000,1362,9033
13,130000,1363,8989
13,130000,1364,8914
13,130000,1365,8974
13,130000,1366,8927
13,130000,1367,9051
13,130000,1368,9070
13,130000,1369,8976
13,130000,1370,9114
13,130000,1371,9000
13,130000,1372,8930
13,130000,1373,8973
13,130000,1374,8810
13,130000,1375,9021
13,130000,1376,8826
13,130000,1377,9194
13,130000,1378,8989
13,130000,1379,9141
13,130000,1380,8881
13,130000,1381,8991
13,130000,1382,9046
13,130000,1383,9086
13,130000,1384,8819
13,130000,1385,8987
13,130000,1386,9013
13,130000,1387,9036
13,130000,1388,9067
13,130000,1389,8958
13,130000,1390,9041
13,130000,1391,9023
13,130000,1392,8995
13,130000,1393,8917
13,130000,1394,8920
13,130000,1395,9099
13,130000,1396,9031
13,130000,1397,8987
13,130000,1398,9026
13,130000,1399,9116
13,130000,1400,9156
13,130000,1401,9157
13,130000,1402,9076
13,130000,1403,9022
13,130000,1404,9116
13,130000,1405,9080
13,130000,1406,9023
13,130000,1407,8908
13,130000,1408,9012
13,130000,1409,8997
13,130000,1410,9090
13,130000,1411,9024
13,130000,1412,9191
13,130000,1413,9117
13,130000,1414,8924
13,130000,1415,9198
13,130000,1416,9007
13,130000,1417,8867
13,130000,1418,9040
13,130000,1419,8821
13,130000,1420,8907
13,130000,1421,9119
13,130000,1422,8982
13,130000,1423,9013
13,130000,1424,8983
13,130000,1425,9077
13,130000,1426,9028
13,130000,1427,9008
13,130000,1428,9094
13,130000,1429,8981
13,130000,1430,8966
13,130000,1431,9060
13,130000,1432,8969
13,130000,1433,8982
13,130000,1434,8942
13,130000,1435,8847
13,130000,1436,8964
13,130000,1437,9042
13,130000,1438,9114
13,130000,1439,9044
13,130000,1440,8916
13,130000,1441,8937
13,130000,1442,8920
13,130000,1443,9064
13,130000,1444,8940
13,130000,1445,9191
13,130000,1446,9153
13,130000,1447,9022
13,130000,1448,9124
13,130000,1449,9058
13,130000,1450,8857
13,130000,1451,9117
13,130000,1452,9117
13,130000,1453,9081
13,130000,1454,9186
13,130000,1455,9042
13,130000,1456,9212
13,130000,1457,9004
13,130000,1458,8869
13,130000,1459,9021
13,130000,1460,8941
13,130000,1461,9144
13,130000,1462,9001
13,130000,1463,8975
13,130000,1464,9036
13,130000,1465,9067
13,130000,1466,8962
13,130000,1467,9067
13,130000,1468,8982
13,130000,1469,9087
13,130000,1470,8978
13,130000,1471,8991
13,130000,1472,8825
13,130000,1473,9013
13,130000,1474,9205
13,130000,1475,9151
13,130000,1476,9092
13,130000,1477,9026
13,130000,1478,9032
13,130000,1479,9187
13,130000,1480,9007
13,130000,1481,8956
13,130000,1482,9021
13,130000,1483,9061
13,130000,1484,8908
13,130000,1485,9102
13,130000,1486,8979
13,130000,1487,9072
13,130000,1488,8974
13,130000,1489,9076
13,130000,1490,9016
13,130000,1491,8922
13,130000,1492,9011
13,130000,1493,9115
13,130000,1494,9033
13,130000,1495,8970
13,130000,1496,9043
13,130000,1497,9002
13,130000,1498,8948
13,130000,1499,8852
13,130000,1500,9059
13,130000,1501,8970
13,130000,1502,9003
13,130000,1503,8980
13,130000,1504,8964
13,130000,1505,8854
13,130000,1506,9257
13,130000,1507,9011
13,130000,1508,9158
13,130000,1509,8943
13,130000,1510,8869
13,130000,1511,8966
13,130000,1512,8755
13,130000,1513,9037
13,130000,1514,9143
13,130000,1515,9115
13,130000,1516,8941
13,130000,1517,9151
13,130000,1518,9062
13,130000,1519,9089
13,130000,1520,9109
13,130000,1521,8721
13,130000,1522,9058
13,130000,1523,9004
13,130000,1524,9147
13,130000,1525,8927
13,130000,1526,9006
13,130000,1527,8976
13,130000,1528,9106
13,130000,1529,8948
13,130000,1530,8885
13,130000,1531,8999
13,130000,1532,8961
13,130000,1533,9076
13,130000,1534,9044
13,130000,1535,8887
13,130000,1536,9048
13,130000,1537,8905
13,130000,1538,9092
13,130000,1539,9068
13,130000,1540,9000
13,130000,1541,9150
13,130000,1542,8994
13,130000,1543,9074
13,130000,1544,9115
13,130000,1545,8863
13,130000,1546,9002
13,130000,1547,8929
13,130000,1548,9098
13,130000,1549,9148
13,130000,1550,8819
13,130000,1551,8882
13,130000,1552,8995
13,130000,1553,8952
13,130000,1554,9124
13,130000,1555,9006
13,130000,1556,9088
13,130000,1557,8984
13,130000,1558,9029
13,130000,1559,9166
13,130000,1560,8983
13,130000,1561,8951
13,130000,1562,8920
13,130000,1563,8831
13,130000,1564,9127
13,130000,1565,8889
13,130000,1566,8949
13,130000,1567,8911
13,130000,1568,8742
13,130000,1569,9058
13,130000,1570,8941
13,130000,1571,9193
13,130000,1572,8975
13,130000,1573,9003
13,130000,1574,9117
13,130000,1575,8996
13,130000,1576,8928
13,130000,1577,9154
13,130000,1578,9016
13,130000,1579,9001
13,130000,1580,9016
13,130000,1581,8876
13,130000,1582,9043
13,130000,1583,9062
13,130000,1584,9012
13,130000,1585,9084
13,130000,1586,8929
13,130000,1587,8946
13,130000,1588,9096
13,130000,1589,9067
13,130000,1590,9032
13,130000,1591,9078
13,130000,1592,8977
13,130000,1593,9026
13,130000,1594,9092
13,130000,1595,8856
13,130000,1596,9080
13,130000,1597,9123
13,130000,1598,8975
13,130000,1599,9116
13,130000,1600,9074
13,130000,1601,8883
13,130000,1602,9034
13,130000,1603,8928
13,130000,1604,9126
13,130000,1605,9074
13,130000,1606,8951
13,130000,1607,8834
13,130000,1608,9051
13,130000,1609,8921
13,130000,1610,8995
13,130000,1611,8999
13,130000,1612,8949
13,130000,1613,8932
13,130000,1614,9263
13,130000,1615,8871
13,130000,1616,9019
13,130000,1617,9188
13,130000,1618,9143
13,130000,1619,8992
13,130000,1620,9044
13,130000,1621,9177
13,130000,1622,8875
13,130000,1623,9070
13,130000,1624,8981
13,130000,1625,8948
13,130000,1626,9195
13,130000,1627,8885
13,130000,1628,8816
13,130000,1629,8916
13,130000,1630,9115
13,130000,1631,8915
13,130000,1632,8997
13,130000,1633,9201
13,130000,1634,9060
13,130000,1635,9141
13,130000,1636,8936
13,130000,1637,8927
13,130000,1638,8978
13,130000,1639,9138
13,130000,1640,9130
13,130000,1641,8886
13,130000,1642,8969
13,130000,1643,9278
13,130000,1644,9116
13,130000,1645,8987
13,130000,1646,8975
13,130000,1647,8902
13,130000,1648,8931
13,130000,1649,9007
13,130000,1650,9035
13,130000,1651,9117
13,130000,1652,8944
13,130000,1653,8942
13,130000,1654,9096
13,130000,1655,9001
13,130000,1656,9030
13,130000,1657,8903
13,130000,1658,8927
13,130000,1659,9068
13,130000,1660,9048
13,130000,1661,8994
13,130000,1662,9024
13,130000,1663,8940
13,130000,1664,9109
13,130000,1665,8999
13,130000,1666,9037
13,130000,1667,8960
13,130000,1668,9014
13,130000,1669,8804
13,130000,1670,9019
13,130000,1671,9156
13,130000,1672,8982
13,130000,1673,8953
13,130000,1674,9158
13,130000,1675,9045
13,130000,1676,8897
13,130000,1677,8889
13,130000,1678,9154
13,130000,1679,8837
13,130000,1680,8992
13,130000,1681,8979
13,130000,1682,8944
13,130000,1683,9068
13,130000,1684,8785
13,130000,1685,8913
13,130000,1686,8983
13,130000,1687,8898
13,130000,1688,9143
13,130000,1689,8949
13,130000,1690,8853
13,130000,1691,8890
13,130000,1692,8863
13,130000,1693,9018
13,130000,1694,9042
13,130000,1695,9144
13,130000,1696,8857
13,130000,1697,8854
13,130000,1698,8954
13,130000,1699,8953
13,130000,1700,9089
13,130000,1701,9022
13,130000,1702,9038
13,130000,1703,9091
13,130000,1704,9147
13,130000,1705,8895
13,130000,1706,8958
13,130000,1707,8939
13,130000,1708,9124
13,130000,1709,8982
13,130000,1710,9128
13,130000,1711,8979
13,130000,1712,8909
13,130000,1713,9008
13,130000,1714,9015
13,130000,1715,9103
13,130000,1716,8999
13,130000,1717,9011
13,130000,1718,8862
13,130000,1719,9051
13,130000,1720,8851
13,130000,1721,8792
13,130000,1722,9028
13,130000,1723,8959
13,130000,1724,9094
13,130000,1725,9029
13,130000,1726,8982
13,130000,1727,9077
13,130000,1728,9046
13,130000,1729,8974
13,130000,1730,9043
13,130000,1731,8938
13,130000,1732,9015
13,130000,1733,9042
13,130000,1734,8978
13,130000,1735,9069
13,130000,1736,8952
13,130000,1737,9031
13,130000,1738,8987
13,130000,1739,8859
13,130000,1740,8980
13,130000,1741,9015
13,130000,1742,8981
13,130000,1743,9034
13,130000,1744,9062
13,130000,1745,8863
13,130000,1746,8987
13,130000,1747,9071
13,130000,1748,8880
13,130000,1749,9098
13,130000,1750,9126
13,130000,1751,9113
13,130000,1752,8997
13,130000,1753,9128
13,130000,1754,8974
13,130000,1755,8909
13,130000,1756,8973
13,130000,1757,9061
13,130000,1758,8900
13,130000,1759,9158
13,130000,1760,9016
13,130000,1761,9058
13,130000,1762,8889
13,130000,1763,8922
13,130000,1764,9164
13,130000,1765,8987
13,130000,1766,9196
13,130000,1767,9146
13,130000,1768,8955
13,130000,1769,9163
13,130000,1770,8955
13,130000,1771,9002
13,130000,1772,8992
13,130000,1773,8950
13,130000,1774,8929
13,130000,1775,9053
13,130000,1776,8958
13,130000,1777,8935
13,130000,1778,8932
13,130000,1779,8969
13,130000,1780,9083
13,130000,1781,8990
13,130000,1782,9058
13,130000,1783,9041
13,130000,1784,9046
13,130000,1785,9019
13,130000,1786,9100
13,130000,1787,9022
13,130000,1788,9077
13,130000,1789,8834
13,130000,1790,8991
13,130000,1791,9141
13,130000,1792,9075
13,130000,1793,8921
13,130000,1794,9014
13,130000,1795,9024
13,130000,1796,8871
13,130000,1797,8978
13,130000,1798,8988
13,130000,1799,9115
13,130000,1800,9170
13,130000,1801,8910
13,130000,1802,8888
13,130000,1803,8986
13,130000,1804,8961
13,130000,1805,9209
13,130000,1806,8968
13,130000,1807,9087
13,130000,1808,9131
13,130000,1809,9066
13,130000,1810,8897
13,130000,1811,9001
13,130000,1812,9122
13,130000,1813,9026
13,130000,1814,9069
13,130000,1815,9080
13,130000,1816,8985
13,130000,1817,9029
13,130000,1818,9060
13,130000,1819,8894
13,130000,1820,8979
13,130000,1821,9066
13,130000,1822,9046
13,130000,1823,9157
13,130000,1824,9125
13,130000,1825,9152
13,130000,1826,9078
13,130000,1827,8931
13,130000,1828,9169
13,130000,1829,8985
13,130000,1830,8933
13,130000,1831,9004
13,130000,1832,9033
13,130000,1833,9068
13,130000,1834,8909
13,130000,1835,8897
13,130000,1836,9033
13,130000,1837,8906
13,130000,1838,9054
13,130000,1839,8861
13,130000,1840,8985
13,130000,1841,9050
13,130000,1842,8984
13,130000,1843,9074
13,130000,1844,9117
13,130000,1845,9144
13,130000,1846,8930
13,130000,1847,8958
13,130000,1848,8852
13,130000,1849,8920
13,130000,1850,8941
13,130000,1851,9082
13,130000,1852,8956
13,130000,1853,8977
13,130000,1854,9001
13,130000,1855,9118
13,130000,1856,9218
13,130000,1857,9021
13,130000,1858,8985
13,130000,1859,9167
13,130000,1860,9071
13,130000,1861,8939
13,130000,1862,8872
13,130000,1863,8976
13,130000,1864,8960
13,130000,1865,9121
13,130000,1866,9114
13,130000,1867,9011
13,130000,1868,9060
13,130000,1869,9115
13,130000,1870,9073
13,130000,1871,9137
13,130000,1872,9184
13,130000,1873,9085
13,130000,1874,8926
13,130000,1875,9228
13,130000,1876,9062
13,130000,1877,9037
13,130000,1878,8919
13,130000,1879,8943
13,130000,1880,8933
13,130000,1881,9002
13,130000,1882,9207
13,130000,1883,9127
13,130000,1884,9025
13,130000,1885,8945
13,130000,1886,9037
13,130000,1887,8877
13,130000,1888,9134
13,130000,1889,9022
13,130000,1890,9177
13,130000,1891,8841
13,130000,1892,9138
13,130000,1893,9227
13,130000,1894,8943
13,130000,1895,9046
13,130000,1896,9035
13,130000,1897,8907
13,130000,1898,9068
13,130000,1899,8991
13,130000,1900,9194
13,130000,1901,8922
13,130000,1902,8940
13,130000,1903,9072
13,130000,1904,9101
13,130000,1905,8930
13,130000,1906,8989
13,130000,1907,8962
13,130000,1908,8941
13,130000,1909,9182
13,130000,1910,9169
13,130000,1911,9255
13,130000,1912,9013
13,130000,1913,8976
13,130000,1914,8891
13,130000,1915,9026
13,130000,1916,8972
13,130000,1917,9098
13,130000,1918,9031
13,130000,1919,8909
13,130000,1920,9058
13,130000,1921,9062
13,130000,1922,8947
13,130000,1923,8870
13,130000,1924,9142
13,130000,1925,9013
13,130000,1926,9000
13,130000,1927,8933
13,130000,1928,8981
13,130000,1929,9141
13,130000,1930,9037
13,130000,1931,9022
13,130000,1932,9011
13,130000,1933,9111
13,130000,1934,8974
13,130000,1935,8836
13,130000,1936,9012
13,130000,1937,9101
13,130000,1938,8991
13,130000,1939,9144
13,130000,1940,9017
13,130000,1941,8996
13,130000,1942,8901
13,130000,1943,9084
13,130000,1944,9189
13,130000,1945,9054
13,130000,1946,9140
13,130000,1947,8925
13,130000,1948,8847
13,130000,1949,9098
13,130000,1950,8809
13,130000,1951,9025
13,130000,1952,9086
13,130000,1953,8859
13,130000,1954,9138
13,130000,1955,8938
13,130000,1956,9059
13,130000,1957,8947
13,130000,1958,8944
13,130000,1959,9017
13,130000,1960,8964
13,130000,1961,9056
13,130000,1962,8946
13,130000,1963,9013
13,130000,1964,9100
13,130000,1965,8959
13,130000,1966,9053
13,130000,1967,9125
13,130000,1968,8972
13,130000,1969,8990
13,130000,1970,9010
13,130000,1971,8932
13,130000,1972,9027
13,130000,1973,8967
13,130000,1974,9176
13,130000,1975,9119
13,130000,1976,8938
13,130000,1977,9054
13,130000,1978,8884
13,130000,1979,9042
13,130000,1980,8985
13,130000,1981,8979
13,130000,1982,9216
13,130000,1983,8946
13,130000,1984,9088
13,130000,1985,9084
13,130000,1986,9191
13,130000,1987,8827
13,130000,1988,8940
13,130000,1989,8929
13,130000,1990,9029
13,130000,1991,9033
13,130000,1992,9102
13,130000,1993,8991
13,130000,1994,8994
13,130000,1995,9046
13,130000,1996,9007
13,130000,1997,8990
13,130000,1998,8856
13,130000,1999,8971
13,130000,2000,9061
-1,888003,1,2206
-1,888003,2,2177
-1,888003,3,2181
-1,888003,4,2043
-1,888003,5,2178
-1,888003,6,2185
-1,888003,7,2187
-1,888003,8,2183
-1,888003,9,2209
-1,888003,10,2208
-1,888003,11,2154
-1,888003,12,2170
-1,888003,13,2113
-1,888003,14,2119
-1,888003,15,2160
-1,888003,16,2231
-1,888003,17,2229
-1,888003,18,2124
-1,888003,19,2224
-1,888003,20,2198
-1,888003,21,2145
-1,888003,22,2192
-1,888003,23,2156
-1,888003,24,2144
-1,888003,25,2205
-1,888003,26,2239
-1,888003,27,2140
-1,888003,28,2137
-1,888003,29,2190
-1,888003,30,2088
-1,888003,31,2147
-1,888003,32,2230
-1,888003,33,2067
-1,888003,34,2201
-1,888003,35,2157
-1,888003,36,2264
-1,888003,37,2171
-1,888003,38,2197
-1,888003,39,2209
-1,888003,40,2184
-1,888003,41,2207
-1,888003,42,2142
-1,888003,43,2181
-1,888003,44,2133
-1,888003,45,2118
-1,888003,46,2105
-1,888003,47,2177
-1,888003,48,2150
-1,888003,49,2171
-1,888003,50,2174
-1,888003,51,2128
-1,888003,52,2224
-1,888003,53,2132
-1,888003,54,2198
-1,888003,55,2210
-1,888003,56,2186
-1,888003,57,2276
-1,888003,58,2189
-1,888003,59,2220
-1,888003,60,2140
-1,888003,61,2170
-1,888003,62,2216
-1,888003,63,2153
-1,888003,64,2054
-1,888003,65,2128
-1,888003,66,2187
-1,888003,67,2160
-1,888003,68,2148
-1,888003,69,2163
-1,888003,70,2140
-1,888003,71,2179
-1,888003,72,2113
-1,888003,73,2281
-1,888003,74,2123
-1,888003,75,2174
-1,888003,76,2184
-1,888003,77,2142
-1,888003,78,2162
-1,888003,79,2146
-1,888003,80,2227
-1,888003,81,2248
-1,888003,82,2114
-1,888003,83,2244
-1,888003,84,2179
-1,888003,85,2183
-1,888003,86,2140
-1,888003,87,2212
-1,888003,88,2171
-1,888003,89,2170
-1,888003,90,2196
-1,888003,91,2182
-1,888003,92,2125
-1,888003,93,2279
-1,888003,94,2142
-1,888003,95,2148
-1,888003,96,2189
-1,888003,97,2227
-1,888003,98,2184
-1,888003,99,2200
-1,888003,100,2120
-1,888003,101,2196
-1,888003,102,2241
-1,888003,103,2199
-1,888003,104,2150
-1,888003,105,2230
-1,888003,106,2209
-1,888003,107,2202
-1,888003,108,2178
-1,888003,109,2158
-1,888003,110,2221
-1,888003,111,2176
-1,888003,112,2164
-1,888003,113,2226
-1,888003,114,2197
-1,888003,115,2174
-1,888003,116,2162
-1,888003,117,2182
-1,888003,118,2091
-1,888003,119,2143
-1,888003,120,2206
-1,888003,121,2140
-1,888003,122,2200
-1,888003,123,2147
-1,888003,124,2215
-1,888003,125,2156
-1,888003,126,2248
-1,888003,127,2245
-1,888003,128,2163
-1,888003,129,2122
-1,888003,130,2217
-1,888003,131,2196
-1,888003,132,2125
-1,888003,133,2051
-1,888003,134,2210
-1,888003,135,2142
-1,888003,136,2113
-1,888003,137,2132
-1,888003,138,2199
-1,888003,139,2183
-1,888003,140,2212
-1,888003,141,2132
-1,888003,142,2166
-1,888003,143,2114
-1,888003,144,2239
-1,888003,145,2116
-1,888003,146,2210
-1,888003,147,2230
-1,888003,148,2111
-1,888003,149,2132
-1,888003,150,2219
-1,888003,151,2209
-1,888003,152,2195
-1,888003,153,2133
-1,888003,154,2203
-1,888003,155,2092
-1,888003,156,2192
-1,888003,157,2192
-1,888003,158,2184
-1,888003,159,2110
-1,888003,160,2192
-1,888003,161,2106
-1,888003,162,2080
-1,888003,163,2163
-1,888003,164,2120
-1,888003,165,2198
-1,888003,166,2157
-1,888003,167,2126
-1,888003,168,2109
-1,888003,169,2092
-1,888003,170,2184
-1,888003,171,2119
-1,888003,172,2219
-1,888003,173,2275
-1,888003,174,2201
-1,888003,175,2156
-1,888003,176,2176
-1,888003,177,2164
-1,888003,178,2274
-1,888003,179,2247
-1,888003,180,2178
-1,888003,181,2198
-1,888003,182,2149
-1,888003,183,2118
-1,888003,184,2088
-1,888003,185,2105
-1,888003,186,2212
-1,888003,187,2117
-1,888003,188,2123
-1,888003,189,2117
-1,888003,190,2208
-1,888003,191,2184
-1,888003,192,2157
-1,888003,193,2241
-1,888003,194,2223
-1,888003,195,2166
-1,888003,196,2143
-1,888003,197,2137
-1,888003,198,2132
-1,888003,199,2155
-1,888003,200,2106
-1,888003,201,2177
-1,888003,202,2107
-1,888003,203,2148
-1,888003,204,2240
-1,888003,205,2138
-1,888003,206,2165
-1,888003,207,2186
-1,888003,208,2102
-1,888003,209,2204
-1,888003,210,2168
-1,888003,211,2213
-1,888003,212,2206
-1,888003,213,2179
-1,888003,214,2166
-1,888003,215,2124
-1,888003,216,2141
-1,888003,217,2136
-1,888003,218,2112
-1,888003,219,2179
-1,888003,220,2086
-1,888003,221,2032
-1,888003,222,2148
-1,888003,223,2257
-1,888003,224,2208
-1,888003,225,2170
-1,888003,226,2178
-1,888003,227,2221
-1,888003,228,2170
-1,888003,229,2249
-1,888003,230,2249
-1,888003,231,2192
-1,888003,232,2137
-1,888003,233,2178
-1,888003,234,2134
-1,888003,235,2189
-1,888003,236,2219
-1,888003,237,2195
-1,888003,238,2112
-1,888003,239,2165
-1,888003,240,2175
-1,888003,241,2187
-1,888003,242,2170
-1,888003,243,2115
-1,888003,244,2134
-1,888003,245,2177
-1,888003,246,2147
-1,888003,247,2140
-1,888003,248,2220
-1,888003,249,2176
-1,888003,250,2240
-1,888003,251,2215
-1,888003,252,2148
-1,888003,253,2241
-1,888003,254,2264
-1,888003,255,2192
-1,888003,256,2126
-1,888003,257,2218
-1,888003,258,2173
-1,888003,259,2107
-1,888003,260,2127
-1,888003,261,2219
-1,888003,262,2185
-1,888003,263,2146
-1,888003,264,2232
-1,888003,265,2091
-1,888003,266,2187
-1,888003,267,2179
-1,888003,268,2188
-1,888003,269,2244
-1,888003,270,2209
-1,888003,271,2149
-1,888003,272,2149
-1,888003,273,2192
-1,888003,274,2115
-1,888003,275,2215
-1,888003,276,2197
-1,888003,277,2129
-1,888003,278,2190
-1,888003,279,2172
-1,888003,280,2144
-1,888003,281,2126
-1,888003,282,2243
-1,888003,283,2224
-1,888003,284,2174
-1,888003,285,2215
-1,888003,286,2190
-1,888003,287,2343
-1,888003,288,2168
-1,888003,289,2175
-1,888003,290,2144
-1,888003,291,2171
-1,888003,292,2120
-1,888003,293,2181
-1,888003,294,2195
-1,888003,295,2176
-1,888003,296,2144
-1,888003,297,2112
-1,888003,298,2215
-1,888003,299,2138
-1,888003,300,2196
-1,888003,301,2238
-1,888003,302,2150
-1,888003,303,2146
-1,888003,304,2101
-1,888003,305,2196
-1,888003,306,2162
-1,888003,307,2189
-1,888003,308,2162
-1,888003,309,2098
-1,888003,310,2299
-1,888003,311,2299
-1,888003,312,2186
-1,888003,313,2227
-1,888003,314,2198
-1,888003,315,2220
-1,888003,316,2106
-1,888003,317,2190
-1,888003,318,2131
-1,888003,319,2124
-1,888003,320,2166
-1,888003,321,2114
-1,888003,322,2154
-1,888003,323,2101
-1,888003,324,2218
-1,888003,325,2194
-1,888003,326,2202
-1,888003,327,2239
-1,888003,328,2121
-1,888003,329,2148
-1,888003,330,2203
-1,888003,331,2108
-1,888003,332,2096
-1,888003,333,2204
-1,888003,334,2152
-1,888003,335,2152
-1,888003,336,2151
-1,888003,337,2116
-1,888003,338,2049
-1,888003,339,2103
-1,888003,340,2145
-1,888003,341,2196
-1,888003,342,2138
-1,888003,343,2193
-1,888003,344,2306
-1,888003,345,2198
-1,888003,346,2214
-1,888003,347,2122
-1,888003,348,2133
-1,888003,349,2129
-1,888003,350,2234
-1,888003,351,2205
-1,888003,352,2176
-1,888003,353,2141
-1,888003,354,2204
-1,888003,355,2183
-1,888003,356,2160
-1,888003,357,2151
-1,888003,358,2083
-1,888003,359,2249
-1,888003,360,2185
-1,888003,361,2140
-1,888003,362,2152
-1,888003,363,2212
-1,888003,364,2208
-1,888003,365,2191
-1,888003,366,2164
-1,888003,367,2186
-1,888003,368,2147
-1,888003,369,2253
-1,888003,370,2206
-1,888003,371,2132
-1,888003,372,2139
-1,888003,373,2191
-1,888003,374,2132
-1,888003,375,2159
-1,888003,376,2148
-1,888003,377,2221
-1,888003,378,2091
-1,888003,379,2204
-1,888003,380,2199
-1,888003,381,2111
-1,888003,382,2165
-1,888003,383,2251
-1,888003,384,2181
-1,888003,385,2197
-1,888003,386,2214
-1,888003,387,2211
-1,888003,388,2156
-1,888003,389,2148
-1,888003,390,2131
-1,888003,391,2144
-1,888003,392,2216
-1,888003,393,2208
-1,888003,394,2255
-1,888003,395,2161
-1,888003,396,2122
-1,888003,397,2216
-1,888003,398,2183
-1,888003,399,2141
-1,888003,400,2127
-1,888003,401,2151
-1,888003,402,2059
-1,888003,403,2245
-1,888003,404,2176
-1,888003,405,2130
-1,888003,406,2148
-1,888003,407,2198
-1,888003,408,2074
-1,888003,409,2209
-1,888003,410,2136
-1,888003,411,2129
-1,888003,412,2230
-1,888003,413,2214
-1,888003,414,2177
-1,888003,415,2144
-1,888003,416,2121
-1,888003,417,2165
-1,888003,418,2192
-1,888003,419,2165
-1,888003,420,2152
-1,888003,421,2070
-1,888003,422,2198
-1,888003,423,2219
-1,888003,424,2139
-1,888003,425,2116
-1,888003,426,2168
-1,888003,427,2185
-1,888003,428,2106
-1,888003,429,2181
-1,888003,430,2030
-1,888003,431,2143
-1,888003,432,2135
-1,888003,433,2238
-1,888003,434,2185
-1,888003,435,2136
-1,888003,436,2152
-1,888003,437,2261
-1,888003,438,2152
-1,888003,439,2087
-1,888003,440,2236
-1,888003,441,2194
-1,888003,442,2166
-1,888003,443,2188
-1,888003,444,2184
-1,888003,445,2160
-1,888003,446,2090
-1,888003,447,2156
-1,888003,448,2217
-1,888003,449,2154
-1,888003,450,2141
-1,888003,451,2208
-1,888003,452,2168
-1,888003,453,2194
-1,888003,454,2195
-1,888003,455,2166
-1,888003,456,2129
-1,888003,457,2095
-1,888003,458,2153
-1,888003,459,2135
-1,888003,460,2206
-1,888003,461,2181
-1,888003,462,2206
-1,888003,463,2199
-1,888003,464,2152
-1,888003,465,2187
-1,888003,466,2182
-1,888003,467,2129
-1,888003,468,2159
-1,888003,469,2175
-1,888003,470,2139
-1,888003,471,2206
-1,888003,472,2096
-1,888003,473,2159
-1,888003,474,2137
-1,888003,475,2126
-1,888003,476,2098
-1,888003,477,2170
-1,888003,478,2195
-1,888003,479,2177
-1,888003,480,2130
-1,888003,481,2204
-1,888003,482,2160
-1,888003,483,2077
-1,888003,484,2208
-1,888003,485,2177
-1,888003,486,2148
-1,888003,487,2094
-1,888003,488,2150
-1,888003,489,2215
-1,888003,490,2195
-1,888003,491,2213
-1,888003,492,2210
-1,888003,493,2156
-1,888003,494,2148
-1,888003,495,2170
-1,888003,496,2112
-1,888003,497,2174
-1,888003,498,2126
-1,888003,499,2131
-1,888003,500,2189
-1,888003,501,2152
-1,888003,502,2261
-1,888003,503,2193
-1,888003,504,2276
-1,888003,505,2134
-1,888003,506,2157
-1,888003,507,2223
-1,888003,508,2192
-1,888003,509,2166
-1,888003,510,2299
-1,888003,511,2240
-1,888003,512,2126
-1,888003,513,2173
-1,888003,514,2145
-1,888003,515,2094
-1,888003,516,2153
-1,888003,517,2125
-1,888003,518,2217
-1,888003,519,2101
-1,888003,520,2162
-1,888003,521,2156
-1,888003,522,2157
-1,888003,523,2141
-1,888003,524,2120
-1,888003,525,2222
-1,888003,526,2129
-1,888003,527,2158
-1,888003,528,2138
-1,888003,529,2182
-1,888003,530,2183
-1,888003,531,2152
-1,888003,532,2141
-1,888003,533,2106
-1,888003,534,2198
-1,888003,535,2218
-1,888003,536,2193
-1,888003,537,2171
-1,888003,538,2133
-1,888003,539,2163
-1,888003,540,2143
-1,888003,541,2176
-1,888003,542,2152
-1,888003,543,2171
-1,888003,544,2142
-1,888003,545,2129
-1,888003,546,2124
-1,888003,547,2149
-1,888003,548,2211
-1,888003,549,2088
-1,888003,550,2206
-1,888003,551,2086
-1,888003,552,2141
-1,888003,553,2117
-1,888003,554,2177
-1,888003,555,2155
-1,888003,556,2200
-1,888003,557,2081
-1,888003,558,2144
-1,888003,559,2223
-1,888003,560,2076
-1,888003,561,2222
-1,888003,562,2131
-1,888003,563,2166
-1,888003,564,2150
-1,888003,565,2101
-1,888003,566,2099
-1,888003,567,2158
-1,888003,568,2298
-1,888003,569,2174
-1,888003,570,2233
-1,888003,571,2247
-1,888003,572,2241
-1,888003,573,2159
-1,888003,574,2127
-1,888003,575,2120
-1,888003,576,2098
-1,888003,577,2183
-1,888003,578,2049
-1,888003,579,2151
-1,888003,580,2174
-1,888003,581,2132
-1,888003,582,2114
-1,888003,583,2175
-1,888003,584,2172
-1,888003,585,2182
-1,888003,586,2160
-1,888003,587,2124
-1,888003,588,2209
-1,888003,589,2173
-1,888003,590,2182
-1,888003,591,2152
-1,888003,592,2209
-1,888003,593,2203
-1,888003,594,2160
-1,888003,595,2160
-1,888003,596,2167
-1,888003,597,2240
-1,888003,598,2116
-1,888003,599,2242
-1,888003,600,2124
-1,888003,601,2174
-1,888003,602,2178
-1,888003,603,2157
-1,888003,604,2082
-1,888003,605,2115
-1,888003,606,2111
-1,888003,607,2158
-1,888003,608,2190
-1,888003,609,2104
-1,888003,610,2139
-1,888003,611,2177
-1,888003,612,2182
-1,888003,613,2098
-1,888003,614,2190
-1,888003,615,2149
-1,888003,616,2134
-1,888003,617,2123
-1,888003,618,2244
-1,888003,619,2195
-1,888003,620,2165
-1,888003,621,2131
-1,888003,622,2102
-1,888003,623,2192
-1,888003,624,2117
-1,888003,625,2162
-1,888003,626,2116
-1,888003,627,2145
-1,888003,628,2228
-1,888003,629,2274
-1,888003,630,2171
-1,888003,631,2170
-1,888003,632,2229
-1,888003,633,2176
-1,888003,634,2154
-1,888003,635,2125
-1,888003,636,2169
-1,888003,637,2078
-1,888003,638,2168
-1,888003,639,2127
-1,888003,640,2203
-1,888003,641,2283
-1,888003,642,2107
-1,888003,643,2159
-1,888003,644,2214
-1,888003,645,2227
-1,888003,646,2197
-1,888003,647,2138
-1,888003,648,2168
-1,888003,649,2239
-1,888003,650,2123
-1,888003,651,2129
-1,888003,652,2138
-1,888003,653,2193
-1,888003,654,2241
-1,888003,655,2286
-1,888003,656,2077
-1,888003,657,2275
-1,888003,658,2174
-1,888003,659,2161
-1,888003,660,2100
-1,888003,661,2196
-1,888003,662,2167
-1,888003,663,2214
-1,888003,664,2128
-1,888003,665,2138
-1,888003,666,2117
-1,888003,667,2214
-1,888003,668,2151
-1,888003,669,2181
-1,888003,670,2161
-1,888003,671,2146
-1,888003,672,2147
-1,888003,673,2185
-1,888003,674,2109
-1,888003,675,2214
-1,888003,676,2220
-1,888003,677,2189
-1,888003,678,2239
-1,888003,679,2077
-1,888003,680,2126
-1,888003,681,2095
-1,888003,682,2173
-1,888003,683,2113
-1,888003,684,2159
-1,888003,685,2171
-1,888003,686,2128
-1,888003,687,2288
-1,888003,688,2158
-1,888003,689,2146
-1,888003,690,2092
-1,888003,691,2149
-1,888003,692,2250
-1,888003,693,2168
-1,888003,694,2226
-1,888003,695,2193
-1,888003,696,2206
-1,888003,697,2208
-1,888003,698,2061
-1,888003,699,2081
-1,888003,700,2177
-1,888003,701,2119
-1,888003,702,2120
-1,888003,703,2140
-1,888003,704,2176
-1,888003,705,2174
-1,888003,706,2141
-1,888003,707,2200
-1,888003,708,2195
-1,888003,709,2134
-1,888003,710,2154
-1,888003,711,2147
-1,888003,712,2188
-1,888003,713,2132
-1,888003,714,2138
-1,888003,715,2196
-1,888003,716,2173
-1,888003,717,2218
-1,888003,718,2151
-1,888003,719,2163
-1,888003,720,2134
-1,888003,721,2144
-1,888003,722,2188
-1,888003,723,2133
-1,888003,724,2221
-1,888003,725,2129
-1,888003,726,2197
-1,888003,727,2165
-1,888003,728,2104
-1,888003,729,2192
-1,888003,730,2203
-1,888003,731,2228
-1,888003,732,2130
-1,888003,733,2159
-1,888003,734,2168
-1,888003,735,2199
-1,888003,736,2207
-1,888003,737,2165
-1,888003,738,2167
-1,888003,739,2198
-1,888003,740,2159
-1,888003,741,2216
-1,888003,742,2172
-1,888003,743,2143
-1,888003,744,2200
-1,888003,745,2244
-1,888003,746,2239
-1,888003,747,2210
-1,888003,748,2073
-1,888003,749,2209
-1,888003,750,2166
-1,888003,751,2250
-1,888003,752,2211
-1,888003,753,2152
-1,888003,754,2187
-1,888003,755,2167
-1,888003,756,2199
-1,888003,757,2156
-1,888003,758,2242
-1,888003,759,2164
-1,888003,760,2104
-1,888003,761,2155
-1,888003,762,2213
-1,888003,763,2168
-1,888003,764,2127
-1,888003,765,2153
-1,888003,766,2201
-1,888003,767,2128
-1,888003,768,2234
-1,888003,769,2174
-1,888003,770,2258
-1,888003,771,2139
-1,888003,772,2206
-1,888003,773,2203
-1,888003,774,2106
-1,888003,775,2081
-1,888003,776,2227
-1,888003,777,2149
-1,888003,778,2203
-1,888003,779,2193
-1,888003,780,2147
-1,888003,781,2095
-1,888003,782,2133
-1,888003,783,2234
-1,888003,784,2109
-1,888003,785,2111
-1,888003,786,2225
-1,888003,787,2161
-1,888003,788,2103
-1,888003,789,2251
-1,888003,790,2198
-1,888003,791,2167
-1,888003,792,2204
-1,888003,793,2164
-1,888003,794,2084
-1,888003,795,2257
-1,888003,796,2170
-1,888003,797,2082
-1,888003,798,2139
-1,888003,799,2161
-1,888003,800,2229
-1,888003,801,2214
-1,888003,802,2146
-1,888003,803,2242
-1,888003,804,2198
-1,888003,805,2200
-1,888003,806,2047
-1,888003,807,2210
-1,888003,808,2197
-1,888003,809,2117
-1,888003,810,2160
-1,888003,811,2205
-1,888003,812,2215
-1,888003,813,2144
-1,888003,814,2209
-1,888003,815,2202
-1,888003,816,2238
-1,888003,817,2099
-1,888003,818,2144
-1,888003,819,2180
-1,888003,820,2174
-1,888003,821,2181
-1,888003,822,2180
-1,888003,823,2125
-1,888003,824,2145
-1,888003,825,2095
-1,888003,826,2279
-1,888003,827,2184
-1,888003,828,2259
-1,888003,829,2230
-1,888003,830,2169
-1,888003,831,2205
-1,888003,832,2119
-1,888003,833,2221
-1,888003,834,2186
-1,888003,835,2117
-1,888003,836,2223
-1,888003,837,2255
-1,888003,838,2156
-1,888003,839,2155
-1,888003,840,2171
-1,888003,841,2172
-1,888003,842,2208
-1,888003,843,2105
-1,888003,844,2250
-1,888003,845,2150
-1,888003,846,2204
-1,888003,847,2161
-1,888003,848,2145
-1,888003,849,2155
-1,888003,850,2249
-1,888003,851,2142
-1,888003,852,2188
-1,888003,853,2147
-1,888003,854,2142
-1,888003,855,2119
-1,888003,856,2189
-1,888003,857,2277
-1,888003,858,2115
-1,888003,859,2183
-1,888003,860,2161
-1,888003,861,2210
-1,888003,862,2224
-1,888003,863,2146
-1,888003,864,2172
-1,888003,865,2114
-1,888003,866,2053
-1,888003,867,2168
-1,888003,868,2175
-1,888003,869,2169
-1,888003,870,2227
-1,888003,871,2050
-1,888003,872,2157
-1,888003,873,2176
-1,888003,874,2121
-1,888003,875,2146
-1,888003,876,2201
-1,888003,877,2266
-1,888003,878,2151
-1,888003,879,2179
-1,888003,880,2137
-1,888003,881,2175
-1,888003,882,2193
-1,888003,883,2160
-1,888003,884,2221
-1,888003,885,2172
-1,888003,886,2211
-1,888003,887,2062
-1,888003,888,2158
-1,888003,889,2208
-1,888003,890,2234
-1,888003,891,2156
-1,888003,892,2176
-1,888003,893,2181
-1,888003,894,2181
-1,888003,895,2184
-1,888003,896,2108
-1,888003,897,2261
-1,888003,898,2111
-1,888003,899,2094
-1,888003,900,2198
-1,888003,901,2110
-1,888003,902,2085
-1,888003,903,2136
-1,888003,904,2124
-1,888003,905,2276
-1,888003,906,2212
-1,888003,907,2232
-1,888003,908,2217
-1,888003,909,2127
-1,888003,910,2152
-1,888003,911,2182
-1,888003,912,2176
-1,888003,913,2162
-1,888003,914,2194
-1,888003,915,2217
-1,888003,916,2218
-1,888003,917,2181
-1,888003,918,2207
-1,888003,919,2223
-1,888003,920,2161
-1,888003,921,2098
-1,888003,922,2134
-1,888003,923,2163
-1,888003,924,2172
-1,888003,925,2194
-1,888003,926,2204
-1,888003,927,2178
-1,888003,928,2206
-1,888003,929,2147
-1,888003,930,2185
-1,888003,931,2134
-1,888003,932,2127
-1,888003,933,2172
-1,888003,934,2208
-1,888003,935,2251
-1,888003,936,2163
-1,888003,937,2155
-1,888003,938,2128
-1,888003,939,2193
-1,888003,940,2115
-1,888003,941,2101
-1,888003,942,2149
-1,888003,943,2147
-1,888003,944,2191
-1,888003,945,2165
-1,888003,946,2151
-1,888003,947,2191
-1,888003,948,2138
-1,888003,949,2109
-1,888003,950,2248
-1,888003,951,2215
-1,888003,952,2165
-1,888003,953,2131
-1,888003,954,2170
-1,888003,955,2155
-1,888003,956,2157
-1,888003,957,2157
-1,888003,958,2099
-1,888003,959,2154
-1,888003,960,2143
-1,888003,961,2186
-1,888003,962,2150
-1,888003,963,2150
-1,888003,964,2102
-1,888003,965,2222
-1,888003,966,2133
-1,888003,967,2158
-1,888003,968,2210
-1,888003,969,2167
-1,888003,970,2117
-1,888003,971,2202
-1,888003,972,2244
-1,888003,973,2185
-1,888003,974,2198
-1,888003,975,2178
-1,888003,976,2169
-1,888003,977,2149
-1,888003,978,2128
-1,888003,979,2180
-1,888003,980,2139
-1,888003,981,2167
-1,888003,982,2261
-1,888003,983,2107
-1,888003,984,2274
-1,888003,985,2203
-1,888003,986,2139
-1,888003,987,2127
-1,888003,988,2174
-1,888003,989,2144
-1,888003,990,2081
-1,888003,991,2201
-1,888003,992,2105
-1,888003,993,2198
-1,888003,994,2188
-1,888003,995,2128
-1,888003,996,2115
-1,888003,997,2193
-1,888003,998,2181
-1,888003,999,2153
-1,888003,1000,2139
-1,888003,1001,2193
-1,888003,1002,2143
-1,888003,1003,2143
-1,888003,1004,2222
-1,888003,1005,2207
-1,888003,1006,2185
-1,888003,1007,2169
-1,888003,1008,2242
-1,888003,1009,2196
-1,888003,1010,2064
-1,888003,1011,2205
-1,888003,1012,2171
-1,888003,1013,2141
-1,888003,1014,2198
-1,888003,1015,2186
-1,888003,1016,2166
-1,888003,1017,2177
-1,888003,1018,2135
-1,888003,1019,2196
-1,888003,1020,2077
-1,888003,1021,2180
-1,888003,1022,2172
-1,888003,1023,2240
-1,888003,1024,2176
-1,888003,1025,2119
-1,888003,1026,2222
-1,888003,1027,2149
-1,888003,1028,2160
-1,888003,1029,2195
-1,888003,1030,2236
-1,888003,1031,2153
-1,888003,1032,2157
-1,888003,1033,2136
-1,888003,1034,2139
-1,888003,1035,2218
-1,888003,1036,2129
-1,888003,1037,2230
-1,888003,1038,2163
-1,888003,1039,2168
-1,888003,1040,2135
-1,888003,1041,2128
-1,888003,1042,2099
-1,888003,1043,2211
-1,888003,1044,2258
-1,888003,1045,2186
-1,888003,1046,2212
-1,888003,1047,2140
-1,888003,1048,2223
-1,888003,1049,2244
-1,888003,1050,2129
-1,888003,1051,2228
-1,888003,1052,2212
-1,888003,1053,2271
-1,888003,1054,2131
-1,888003,1055,2185
-1,888003,1056,2218
-1,888003,1057,2217
-1,888003,1058,2188
-1,888003,1059,2141
-1,888003,1060,2178
-1,888003,1061,2184
-1,888003,1062,2121
-1,888003,1063,2189
-1,888003,1064,2183
-1,888003,1065,2220
-1,888003,1066,2171
-1,888003,1067,2197
-1,888003,1068,2137
-1,888003,1069,2102
-1,888003,1070,2200
-1,888003,1071,2247
-1,888003,1072,2163
-1,888003,1073,2039
-1,888003,1074,2149
-1,888003,1075,2124
-1,888003,1076,2166
-1,888003,1077,2187
-1,888003,1078,2107
-1,888003,1079,2247
-1,888003,1080,2217
-1,888003,1081,2229
-1,888003,1082,2188
-1,888003,1083,2196
-1,888003,1084,2162
-1,888003,1085,2167
-1,888003,1086,2191
-1,888003,1087,2204
-1,888003,1088,2114
-1,888003,1089,2209
-1,888003,1090,2158
-1,888003,1091,2107
-1,888003,1092,2179
-1,888003,1093,2173
-1,888003,1094,2126
-1,888003,1095,2121
-1,888003,1096,2196
-1,888003,1097,2173
-1,888003,1098,2145
-1,888003,1099,2135
-1,888003,1100,2089
-1,888003,1101,2097
-1,888003,1102,2171
-1,888003,1103,2197
-1,888003,1104,2166
-1,888003,1105,2169
-1,888003,1106,2223
-1,888003,1107,2149
-1,888003,1108,2205
-1,888003,1109,2110
-1,888003,1110,2178
-1,888003,1111,2198
-1,888003,1112,2103
-1,888003,1113,2129
-1,888003,1114,2268
-1,888003,1115,2199
-1,888003,1116,2159
-1,888003,1117,2179
-1,888003,1118,2113
-1,888003,1119,2153
-1,888003,1120,2208
-1,888003,1121,2144
-1,888003,1122,2171
-1,888003,1123,2140
-1,888003,1124,2204
-1,888003,1125,2212
-1,888003,1126,2210
-1,888003,1127,2203
-1,888003,1128,2099
-1,888003,1129,2270
-1,888003,1130,2119
-1,888003,1131,2149
-1,888003,1132,2257
-1,888003,1133,2123
-1,888003,1134,2174
-1,888003,1135,2146
-1,888003,1136,2186
-1,888003,1137,2188
-1,888003,1138,2265
-1,888003,1139,2193
-1,888003,1140,2240
-1,888003,1141,2244
-1,888003,1142,2192
-1,888003,1143,2150
-1,888003,1144,2150
-1,888003,1145,2290
-1,888003,1146,2108
-1,888003,1147,2182
-1,888003,1148,2139
-1,888003,1149,2172
-1,888003,1150,2156
-1,888003,1151,2129
-1,888003,1152,2183
-1,888003,1153,2171
-1,888003,1154,2179
-1,888003,1155,2150
-1,888003,1156,2201
-1,888003,1157,2245
-1,888003,1158,2084
-1,888003,1159,2219
-1,888003,1160,2130
-1,888003,1161,2072
-1,888003,1162,2214
-1,888003,1163,2156
-1,888003,1164,2076
-1,888003,1165,2141
-1,888003,1166,2291
-1,888003,1167,2116
-1,888003,1168,2127
-1,888003,1169,2145
-1,888003,1170,2113
-1,888003,1171,2232
-1,888003,1172,2138
-1,888003,1173,2171
-1,888003,1174,2214
-1,888003,1175,2178
-1,888003,1176,2178
-1,888003,1177,2137
-1,888003,1178,2143
-1,888003,1179,2151
-1,888003,1180,2253
-1,888003,1181,2242
-1,888003,1182,2151
-1,888003,1183,2156
-1,888003,1184,2139
-1,888003,1185,2182
-1,888003,1186,2169
-1,888003,1187,2271
-1,888003,1188,2140
-1,888003,1189,2127
-1,888003,1190,2142
-1,888003,1191,2086
-1,888003,1192,2197
-1,888003,1193,2167
-1,888003,1194,2231
-1,888003,1195,2120
-1,888003,1196,2152
-1,888003,1197,2195
-1,888003,1198,2251
-1,888003,1199,2134
-1,888003,1200,2197
-1,888003,1201,2197
-1,888003,1202,2169
-1,888003,1203,2144
-1,888003,1204,2158
-1,888003,1205,2220
-1,888003,1206,2111
-1,888003,1207,2137
-1,888003,1208,2157
-1,888003,1209,2159
-1,888003,1210,2144
-1,888003,1211,2181
-1,888003,1212,2137
-1,888003,1213,2259
-1,888003,1214,2209
-1,888003,1215,2184
-1,888003,1216,2171
-1,888003,1217,2211
-1,888003,1218,2150
-1,888003,1219,2102
-1,888003,1220,2194
-1,888003,1221,2221
-1,888003,1222,2209
-1,888003,1223,2109
-1,888003,1224,2213
-1,888003,1225,2139
-1,888003,1226,2129
-1,888003,1227,2190
-1,888003,1228,2219
-1,888003,1229,2207
-1,888003,1230,2057
-1,888003,1231,2185
-1,888003,1232,2181
-1,888003,1233,2091
-1,888003,1234,2136
-1,888003,1235,2191
-1,888003,1236,2260
-1,888003,1237,2168
-1,888003,1238,2239
-1,888003,1239,2148
-1,888003,1240,2098
-1,888003,1241,2203
-1,888003,1242,2178
-1,888003,1243,2133
-1,888003,1244,2111
-1,888003,1245,2186
-1,888003,1246,2131
-1,888003,1247,2190
-1,888003,1248,2233
-1,888003,1249,2134
-1,888003,1250,2119
-1,888003,1251,2197
-1,888003,1252,2150
-1,888003,1253,2223
-1,888003,1254,2222
-1,888003,1255,2137
-1,888003,1256,2211
-1,888003,1257,2122
-1,888003,1258,2109
-1,888003,1259,2172
-1,888003,1260,2132
-1,888003,1261,2105
-1,888003,1262,2099
-1,888003,1263,2127
-1,888003,1264,2178
-1,888003,1265,2229
-1,888003,1266,2161
-1,888003,1267,2101
-1,888003,1268,2214
-1,888003,1269,2246
-1,888003,1270,2212
-1,888003,1271,2213
-1,888003,1272,2157
-1,888003,1273,2177
-1,888003,1274,2172
-1,888003,1275,2163
-1,888003,1276,2187
-1,888003,1277,2141
-1,888003,1278,2136
-1,888003,1279,2190
-1,888003,1280,2194
-1,888003,1281,2121
-1,888003,1282,2089
-1,888003,1283,2182
-1,888003,1284,2103
-1,888003,1285,2110
-1,888003,1286,2121
-1,888003,1287,2170
-1,888003,1288,2200
-1,888003,1289,2269
-1,888003,1290,2148
-1,888003,1291,2091
-1,888003,1292,2129
-1,888003,1293,2055
-1,888003,1294,2201
-1,888003,1295,2219
-1,888003,1296,2241
-1,888003,1297,2237
-1,888003,1298,2155
-1,888003,1299,2201
-1,888003,1300,2129
-1,888003,1301,2117
-1,888003,1302,2141
-1,888003,1303,2155
-1,888003,1304,2171
-1,888003,1305,2157
-1,888003,1306,2162
-1,888003,1307,2215
-1,888003,1308,2214
-1,888003,1309,2268
-1,888003,1310,2199
-1,888003,1311,2206
-1,888003,1312,2172
-1,888003,1313,2167
-1,888003,1314,2124
-1,888003,1315,2199
-1,888003,1316,2146
-1,888003,1317,2169
-1,888003,1318,2209
-1,888003,1319,2164
-1,888003,1320,2250
-1,888003,1321,2115
-1,888003,1322,2181
-1,888003,1323,2128
-1,888003,1324,2174
-1,888003,1325,2189
-1,888003,1326,2165
-1,888003,1327,2226
-1,888003,1328,2111
-1,888003,1329,2194
-1,888003,1330,2171
-1,888003,1331,2158
-1,888003,1332,2199
-1,888003,1333,2093
-1,888003,1334,2203
-1,888003,1335,2135
-1,888003,1336,2216
-1,888003,1337,2148
-1,888003,1338,2210
-1,888003,1339,2081
-1,888003,1340,2119
-1,888003,1341,2167
-1,888003,1342,2136
-1,888003,1343,2082
-1,888003,1344,2201
-1,888003,1345,2195
-1,888003,1346,2132
-1,888003,1347,2210
-1,888003,1348,2157
-1,888003,1349,2145
-1,888003,1350,2139
-1,888003,1351,2101
-1,888003,1352,2251
-1,888003,1353,2072
-1,888003,1354,2212
-1,888003,1355,2230
-1,888003,1356,2216
-1,888003,1357,2199
-1,888003,1358,2201
-1,888003,1359,2098
-1,888003,1360,2194
-1,888003,1361,2131
-1,888003,1362,2147
-1,888003,1363,2277
-1,888003,1364,2161
-1,888003,1365,2157
-1,888003,1366,2200
-1,888003,1367,2148
-1,888003,1368,2134
-1,888003,1369,2179
-1,888003,1370,2168
-1,888003,1371,2186
-1,888003,1372,2172
-1,888003,1373,2229
-1,888003,1374,2102
-1,888003,1375,2073
-1,888003,1376,2213
-1,888003,1377,2137
-1,888003,1378,2140
-1,888003,1379,2137
-1,888003,1380,2158
-1,888003,1381,2170
-1,888003,1382,2148
-1,888003,1383,2198
-1,888003,1384,2179
-1,888003,1385,2189
-1,888003,1386,2190
-1,888003,1387,2177
-1,888003,1388,2117
-1,888003,1389,2186
-1,888003,1390,2166
-1,888003,1391,2135
-1,888003,1392,2237
-1,888003,1393,2178
-1,888003,1394,2177
-1,888003,1395,2167
-1,888003,1396,2251
-1,888003,1397,2114
-1,888003,1398,2113
-1,888003,1399,2242
-1,888003,1400,2180
-1,888003,1401,2158
-1,888003,1402,2242
-1,888003,1403,2217
-1,888003,1404,2238
-1,888003,1405,2120
-1,888003,1406,2207
-1,888003,1407,2225
-1,888003,1408,2243
-1,888003,1409,2232
-1,888003,1410,2200
-1,888003,1411,2268
-1,888003,1412,2230
-1,888003,1413,2179
-1,888003,1414,2095
-1,888003,1415,2184
-1,888003,1416,2139
-1,888003,1417,2199
-1,888003,1418,2223
-1,888003,1419,2205
-1,888003,1420,2098
-1,888003,1421,2151
-1,888003,1422,2131
-1,888003,1423,2085
-1,888003,1424,2158
-1,888003,1425,2135
-1,888003,1426,2118
-1,888003,1427,2125
-1,888003,1428,2160
-1,888003,1429,2104
-1,888003,1430,2121
-1,888003,1431,2176
-1,888003,1432,2132
-1,888003,1433,2176
-1,888003,1434,2171
-1,888003,1435,2139
-1,888003,1436,2135
-1,888003,1437,2281
-1,888003,1438,2082
-1,888003,1439,2198
-1,888003,1440,2126
-1,888003,1441,2166
-1,888003,1442,2180
-1,888003,1443,2151
-1,888003,1444,2095
-1,888003,1445,2080
-1,888003,1446,2108
-1,888003,1447,2137
-1,888003,1448,2182
-1,888003,1449,2140
-1,888003,1450,2139
-1,888003,1451,2267
-1,888003,1452,2253
-1,888003,1453,2202
-1,888003,1454,2110
-1,888003,1455,2134
-1,888003,1456,2108
-1,888003,1457,2156
-1,888003,1458,2228
-1,888003,1459,2177
-1,888003,1460,2240
-1,888003,1461,2241
-1,888003,1462,2182
-1,888003,1463,2171
-1,888003,1464,2127
-1,888003,1465,2152
-1,888003,1466,2127
-1,888003,1467,2108
-1,888003,1468,2143
-1,888003,1469,2142
-1,888003,1470,2172
-1,888003,1471,2138
-1,888003,1472,2234
-1,888003,1473,2165
-1,888003,1474,2171
-1,888003,1475,2210
-1,888003,1476,2127
-1,888003,1477,2155
-1,888003,1478,2152
-1,888003,1479,2159
-1,888003,1480,2156
-1,888003,1481,2205
-1,888003,1482,2238
-1,888003,1483,2174
-1,888003,1484,2165
-1,888003,1485,2240
-1,888003,1486,2188
-1,888003,1487,2187
-1,888003,1488,2109
-1,888003,1489,2193
-1,888003,1490,2133
-1,888003,1491,2220
-1,888003,1492,2234
-1,888003,1493,2154
-1,888003,1494,2260
-1,888003,1495,2183
-1,888003,1496,2092
-1,888003,1497,2214
-1,888003,1498,2153
-1,888003,1499,2233
-1,888003,1500,2126
-1,888003,1501,2199
-1,888003,1502,2186
-1,888003,1503,2198
-1,888003,1504,2155
-1,888003,1505,2184
-1,888003,1506,2109
-1,888003,1507,2180
-1,888003,1508,2184
-1,888003,1509,2211
-1,888003,1510,2135
-1,888003,1511,2232
-1,888003,1512,2207
-1,888003,1513,2154
-1,888003,1514,2137
-1,888003,1515,2187
-1,888003,1516,2149
-1,888003,1517,2081
-1,888003,1518,2102
-1,888003,1519,2192
-1,888003,1520,2078
-1,888003,1521,2202
-1,888003,1522,2160
-1,888003,1523,2192
-1,888003,1524,2238
-1,888003,1525,2163
-1,888003,1526,2126
-1,888003,1527,2163
-1,888003,1528,2230
-1,888003,1529,2203
-1,888003,1530,2176
-1,888003,1531,2161
-1,888003,1532,2268
-1,888003,1533,2139
-1,888003,1534,2253
-1,888003,1535,2166
-1,888003,1536,2184
-1,888003,1537,2179
-1,888003,1538,2136
-1,888003,1539,2242
-1,888003,1540,2239
-1,888003,1541,2161
-1,888003,1542,2203
-1,888003,1543,2181
-1,888003,1544,2122
-1,888003,1545,2168
-1,888003,1546,2199
-1,888003,1547,2127
-1,888003,1548,2189
-1,888003,1549,2166
-1,888003,1550,2114
-1,888003,1551,2181
-1,888003,1552,2178
-1,888003,1553,2201
-1,888003,1554,2171
-1,888003,1555,2238
-1,888003,1556,2150
-1,888003,1557,2127
-1,888003,1558,2192
-1,888003,1559,2218
-1,888003,1560,2158
-1,888003,1561,2097
-1,888003,1562,2141
-1,888003,1563,2169
-1,888003,1564,2113
-1,888003,1565,2202
-1,888003,1566,2168
-1,888003,1567,2162
-1,888003,1568,2267
-1,888003,1569,2109
-1,888003,1570,2126
-1,888003,1571,2168
-1,888003,1572,2221
-1,888003,1573,2095
-1,888003,1574,2152
-1,888003,1575,2135
-1,888003,1576,2163
-1,888003,1577,2209
-1,888003,1578,2168
-1,888003,1579,2114
-1,888003,1580,2213
-1,888003,1581,2203
-1,888003,1582,2211
-1,888003,1583,2122
-1,888003,1584,2119
-1,888003,1585,2157
-1,888003,1586,2116
-1,888003,1587,2168
-1,888003,1588,2137
-1,888003,1589,2199
-1,888003,1590,2061
-1,888003,1591,2145
-1,888003,1592,2238
-1,888003,1593,2130
-1,888003,1594,2135
-1,888003,1595,2177
-1,888003,1596,2209
-1,888003,1597,2120
-1,888003,1598,2273
-1,888003,1599,2168
-1,888003,1600,2138
-1,888003,1601,2207
-1,888003,1602,2212
-1,888003,1603,2136
-1,888003,1604,2191
-1,888003,1605,2126
-1,888003,1606,2155
-1,888003,1607,2164
-1,888003,1608,2192
-1,888003,1609,2244
-1,888003,1610,2182
-1,888003,1611,2211
-1,888003,1612,2161
-1,888003,1613,2154
-1,888003,1614,2227
-1,888003,1615,2212
-1,888003,1616,2216
-1,888003,1617,2186
-1,888003,1618,2156
-1,888003,1619,2172
-1,888003,1620,2126
-1,888003,1621,2123
-1,888003,1622,2178
-1,888003,1623,2103
-1,888003,1624,2117
-1,888003,1625,2165
-1,888003,1626,2143
-1,888003,1627,2223
-1,888003,1628,2153
-1,888003,1629,2141
-1,888003,1630,2127
-1,888003,1631,2226
-1,888003,1632,2143
-1,888003,1633,2078
-1,888003,1634,2164
-1,888003,1635,2174
-1,888003,1636,2200
-1,888003,1637,2128
-1,888003,1638,2163
-1,888003,1639,2160
-1,888003,1640,2176
-1,888003,1641,2119
-1,888003,1642,2170
-1,888003,1643,2170
-1,888003,1644,2150
-1,888003,1645,2208
-1,888003,1646,2274
-1,888003,1647,2154
-1,888003,1648,2209
-1,888003,1649,2138
-1,888003,1650,2149
-1,888003,1651,2177
-1,888003,1652,2160
-1,888003,1653,2127
-1,888003,1654,2086
-1,888003,1655,2079
-1,888003,1656,2166
-1,888003,1657,2255
-1,888003,1658,2109
-1,888003,1659,2135
-1,888003,1660,2191
-1,888003,1661,2185
-1,888003,1662,2168
-1,888003,1663,2202
-1,888003,1664,2191
-1,888003,1665,2209
-1,888003,1666,2154
-1,888003,1667,2198
-1,888003,1668,2211
-1,888003,1669,2110
-1,888003,1670,2205
-1,888003,1671,2221
-1,888003,1672,2212
-1,888003,1673,2107
-1,888003,1674,2155
-1,888003,1675,2132
-1,888003,1676,2221
-1,888003,1677,2131
-1,888003,1678,2174
-1,888003,1679,2216
-1,888003,1680,2224
-1,888003,1681,2146
-1,888003,1682,2105
-1,888003,1683,2128
-1,888003,1684,2097
-1,888003,1685,2224
-1,888003,1686,2140
-1,888003,1687,2190
-1,888003,1688,2208
-1,888003,1689,2220
-1,888003,1690,2115
-1,888003,1691,2134
-1,888003,1692,2232
-1,888003,1693,2178
-1,888003,1694,2158
-1,888003,1695,2223
-1,888003,1696,2130
-1,888003,1697,2162
-1,888003,1698,2177
-1,888003,1699,2142
-1,888003,1700,2183
-1,888003,1701,2260
-1,888003,1702,2157
-1,888003,1703,2187
-1,888003,1704,2143
-1,888003,1705,2210
-1,888003,1706,2141
-1,888003,1707,2203
-1,888003,1708,2182
-1,888003,1709,2147
-1,888003,1710,2219
-1,888003,1711,2131
-1,888003,1712,2169
-1,888003,1713,2144
-1,888003,1714,2133
-1,888003,1715,2217
-1,888003,1716,2249
-1,888003,1717,2126
-1,888003,1718,2116
-1,888003,1719,2203
-1,888003,1720,2196
-1,888003,1721,2220
-1,888003,1722,2227
-1,888003,1723,2263
-1,888003,1724,2224
-1,888003,1725,2128
-1,888003,1726,2107
-1,888003,1727,2129
-1,888003,1728,2100
-1,888003,1729,2187
-1,888003,1730,2147
-1,888003,1731,2190
-1,888003,1732,2228
-1,888003,1733,2254
-1,888003,1734,2199
-1,888003,1735,2103
-1,888003,1736,2119
-1,888003,1737,2163
-1,888003,1738,2133
-1,888003,1739,2161
-1,888003,1740,2157
-1,888003,1741,2132
-1,888003,1742,2096
-1,888003,1743,2152
-1,888003,1744,2096
-1,888003,1745,2118
-1,888003,1746,2142
-1,888003,1747,2166
-1,888003,1748,2137
-1,888003,1749,2227
-1,888003,1750,2109
-1,888003,1751,2158
-1,888003,1752,2182
-1,888003,1753,2170
-1,888003,1754,2131
-1,888003,1755,2154
-1,888003,1756,2172
-1,888003,1757,2088
-1,888003,1758,2137
-1,888003,1759,2167
-1,888003,1760,2187
-1,888003,1761,2247
-1,888003,1762,2235
-1,888003,1763,2201
-1,888003,1764,2144
-1,888003,1765,2190
-1,888003,1766,2217
-1,888003,1767,2168
-1,888003,1768,2140
-1,888003,1769,2151
-1,888003,1770,2177
-1,888003,1771,2113
-1,888003,1772,2191
-1,888003,1773,2177
-1,888003,1774,2114
-1,888003,1775,2228
-1,888003,1776,2131
-1,888003,1777,2172
-1,888003,1778,2178
-1,888003,1779,2202
-1,888003,1780,2146
-1,888003,1781,2141
-1,888003,1782,2088
-1,888003,1783,2165
-1,888003,1784,2187
-1,888003,1785,2221
-1,888003,1786,2159
-1,888003,1787,2142
-1,888003,1788,2168
-1,888003,1789,2174
-1,888003,1790,2158
-1,888003,1791,2192
-1,888003,1792,2174
-1,888003,1793,2219
-1,888003,1794,2182
-1,888003,1795,2243
-1,888003,1796,2241
-1,888003,1797,2115
-1,888003,1798,2192
-1,888003,1799,2127
-1,888003,1800,2207
-1,888003,1801,2218
-1,888003,1802,2138
-1,888003,1803,2143
-1,888003,1804,2197
-1,888003,1805,2210
-1,888003,1806,2190
-1,888003,1807,2145
-1,888003,1808,2122
-1,888003,1809,2222
-1,888003,1810,2192
-1,888003,1811,2172
-1,888003,1812,2155
-1,888003,1813,2113
-1,888003,1814,2144
-1,888003,1815,2116
-1,888003,1816,2207
-1,888003,1817,2137
-1,888003,1818,2233
-1,888003,1819,2152
-1,888003,1820,2106
-1,888003,1821,2256
-1,888003,1822,2219
-1,888003,1823,2210
-1,888003,1824,2191
-1,888003,1825,2178
-1,888003,1826,2187
-1,888003,1827,2100
-1,888003,1828,2157
-1,888003,1829,2213
-1,888003,1830,2261
-1,888003,1831,2234
-1,888003,1832,2176
-1,888003,1833,2098
-1,888003,1834,2210
-1,888003,1835,2166
-1,888003,1836,2158
-1,888003,1837,2126
-1,888003,1838,2188
-1,888003,1839,2091
-1,888003,1840,2119
-1,888003,1841,2100
-1,888003,1842,2136
-1,888003,1843,2192
-1,888003,1844,2145
-1,888003,1845,2118
-1,888003,1846,2198
-1,888003,1847,2188
-1,888003,1848,2170
-1,888003,1849,2200
-1,888003,1850,2181
-1,888003,1851,2189
-1,888003,1852,2122
-1,888003,1853,2160
-1,888003,1854,2164
-1,888003,1855,2144
-1,888003,1856,2278
-1,888003,1857,2148
-1,888003,1858,2191
-1,888003,1859,2196
-1,888003,1860,2110
-1,888003,1861,2091
-1,888003,1862,2174
-1,888003,1863,2185
-1,888003,1864,2231
-1,888003,1865,2156
-1,888003,1866,2133
-1,888003,1867,2190
-1,888003,1868,2206
-1,888003,1869,2041
-1,888003,1870,2253
-1,888003,1871,2236
-1,888003,1872,2245
-1,888003,1873,2124
-1,888003,1874,2136
-1,888003,1875,2137
-1,888003,1876,2202
-1,888003,1877,2180
-1,888003,1878,2125
-1,888003,1879,2112
-1,888003,1880,2133
-1,888003,1881,2177
-1,888003,1882,2215
-1,888003,1883,2188
-1,888003,1884,2195
-1,888003,1885,2162
-1,888003,1886,2061
-1,888003,1887,2103
-1,888003,1888,2238
-1,888003,1889,2152
-1,888003,1890,2140
-1,888003,1891,2193
-1,888003,1892,2182
-1,888003,1893,2234
-1,888003,1894,2134
-1,888003,1895,2169
-1,888003,1896,2086
-1,888003,1897,2153
-1,888003,1898,2183
-1,888003,1899,2171
-1,888003,1900,2173
-1,888003,1901,2201
-1,888003,1902,2186
-1,888003,1903,2145
-1,888003,1904,2297
-1,888003,1905,2169
-1,888003,1906,2201
-1,888003,1907,2135
-1,888003,1908,2209
-1,888003,1909,2203
-1,888003,1910,2210
-1,888003,1911,2220
-1,888003,1912,2152
-1,888003,1913,2118
-1,888003,1914,2227
-1,888003,1915,2131
-1,888003,1916,2138
-1,888003,1917,2148
-1,888003,1918,2206
-1,888003,1919,2224
-1,888003,1920,2198
-1,888003,1921,2220
-1,888003,1922,2196
-1,888003,1923,2137
-1,888003,1924,2147
-1,888003,1925,2200
-1,888003,1926,2261
-1,888003,1927,2177
-1,888003,1928,2177
-1,888003,1929,2203
-1,888003,1930,2158
-1,888003,1931,2235
-1,888003,1932,2138
-1,888003,1933,2212
-1,888003,1934,2182
-1,888003,1935,2183
-1,888003,1936,2289
-1,888003,1937,2174
-1,888003,1938,2113
-1,888003,1939,2118
-1,888003,1940,2267
-1,888003,1941,2189
-1,888003,1942,2123
-1,888003,1943,2176
-1,888003,1944,2181
-1,888003,1945,2176
-1,888003,1946,2183
-1,888003,1947,2117
-1,888003,1948,2158
-1,888003,1949,2162
-1,888003,1950,2182
-1,888003,1951,2202
-1,888003,1952,2204
-1,888003,1953,2174
-1,888003,1954,2163
-1,888003,1955,2226
-1,888003,1956,2125
-1,888003,1957,2125
-1,888003,1958,2181
-1,888003,1959,2162
-1,888003,1960,2188
-1,888003,1961,2065
-1,888003,1962,2260
-1,888003,1963,2128
-1,888003,1964,2189
-1,888003,1965,2181
-1,888003,1966,2160
-1,888003,1967,2168
-1,888003,1968,2314
-1,888003,1969,2253
-1,888003,1970,2155
-1,888003,1971,2150
-1,888003,1972,2197
-1,888003,1973,2162
-1,888003,1974,2161
-1,888003,1975,2206
-1,888003,1976,2138
-1,888003,1977,2130
-1,888003,1978,2232
-1,888003,1979,2242
-1,888003,1980,2120
-1,888003,1981,2261
-1,888003,1982,2123
-1,888003,1983,2209
-1,888003,1984,2099
-1,888003,1985,2173
-1,888003,1986,2231
-1,888003,1987,2149
-1,888003,1988,2135
-1,888003,1989,2235
-1,888003,1990,2203
-1,888003,1991,2135
-1,888003,1992,2185
-1,888003,1993,2150
-1,888003,1994,2176
-1,888003,1995,2116
-1,888003,1996,2177
-1,888003,1997,2131
-1,888003,1998,2121
-1,888003,1999,2147
-1,888003,2000,2173
-1,888003,2001,2171
-1,888003,2002,2124
-1,888003,2003,2127
-1,888003,2004,2094
-1,888003,2005,2208
-1,888003,2006,2196
-1,888003,2007,2188
-1,888003,2008,2143
-1,888003,2009,2148
-1,888003,2010,2220
-1,888003,2011,2185
-1,888003,2012,2163
-1,888003,2013,2101
-1,888003,2014,2157
-1,888003,2015,2170
-1,888003,2016,2260
-1,888003,2017,2278
-1,888003,2018,2117
-1,888003,2019,2134
-1,888003,2020,2150
-1,888003,2021,2158
-1,888003,2022,2163
-1,888003,2023,2174
-1,888003,2024,2186
-1,888003,2025,2160
-1,888003,2026,2141
-1,888003,2027,2148
-1,888003,2028,2125
-1,888003,2029,2095
-1,888003,2030,2204
-1,888003,2031,2144
-1,888003,2032,2162
-1,888003,2033,2134
-1,888003,2034,2173
-1,888003,2035,2180
-1,888003,2036,2153
-1,888003,2037,2195
-1,888003,2038,2235
-1,888003,2039,2180
-1,888003,2040,2187
-1,888003,2041,2175
-1,888003,2042,2163
-1,888003,2043,2225
-1,888003,2044,2141
-1,888003,2045,2238
-1,888003,2046,2242
-1,888003,2047,2138
-1,888003,2048,2202
-1,888003,2049,2178
-1,888003,2050,2124
-1,888003,2051,2181
-1,888003,2052,2117
-1,888003,2053,2104
-1,888003,2054,2235
-1,888003,2055,2075
-1,888003,2056,2210
-1,888003,2057,2188
-1,888003,2058,2169
-1,888003,2059,2195
-1,888003,2060,2174
-1,888003,2061,2208
-1,888003,2062,2137
-1,888003,2063,2120
-1,888003,2064,2170
-1,888003,2065,2072
-1,888003,2066,2174
-1,888003,2067,2208
-1,888003,2068,2143
-1,888003,2069,2161
-1,888003,2070,2256
-1,888003,2071,2137
-1,888003,2072,2132
-1,888003,2073,2125
-1,888003,2074,2142
-1,888003,2075,2165
-1,888003,2076,2189
-1,888003,2077,2077
-1,888003,2078,2038
-1,888003,2079,2254
-1,888003,2080,2167
-1,888003,2081,2202
-1,888003,2082,2224
-1,888003,2083,2156
-1,888003,2084,2199
-1,888003,2085,2141
-1,888003,2086,2155
-1,888003,2087,2180
-1,888003,2088,2152
-1,888003,2089,2175
-1,888003,2090,2161
-1,888003,2091,2098
-1,888003,2092,2133
-1,888003,2093,2195
-1,888003,2094,2109
-1,888003,2095,2123
-1,888003,2096,2202
-1,888003,2097,2184
-1,888003,2098,2266
-1,888003,2099,2101
-1,888003,2100,2211
-1,888003,2101,2185
-1,888003,2102,2085
-1,888003,2103,2153
-1,888003,2104,2183
-1,888003,2105,2183
-1,888003,2106,2108
-1,888003,2107,2171
-1,888003,2108,2135
-1,888003,2109,2192
-1,888003,2110,2177
-1,888003,2111,2226
-1,888003,2112,2196
-1,888003,2113,2309
-1,888003,2114,2062
-1,888003,2115,2167
-1,888003,2116,2222
-1,888003,2117,2190
-1,888003,2118,2263
-1,888003,2119,2160
-1,888003,2120,2215
-1,888003,2121,2208
-1,888003,2122,2186
-1,888003,2123,2185
-1,888003,2124,2260
-1,888003,2125,2202
-1,888003,2126,2195
-1,888003,2127,2114
-1,888003,2128,2234
-1,888003,2129,2202
-1,888003,2130,2187
-1,888003,2131,2104
-1,888003,2132,2211
-1,888003,2133,2180
-1,888003,2134,2150
-1,888003,2135,2180
-1,888003,2136,2150
-1,888003,2137,2167
-1,888003,2138,2199
-1,888003,2139,2178
-1,888003,2140,2151
-1,888003,2141,2207
-1,888003,2142,2163
-1,888003,2143,2136
-1,888003,2144,2193
-1,888003,2145,2126
-1,888003,2146,2187
-1,888003,2147,2057
-1,888003,2148,2067
-1,888003,2149,2141
-1,888003,2150,2182
-1,888003,2151,2169
-1,888003,2152,2110
-1,888003,2153,2134
-1,888003,2154,2179
-1,888003,2155,2213
-1,888003,2156,2292
-1,888003,2157,2106
-1,888003,2158,2197
-1,888003,2159,2216
-1,888003,2160,2205
-1,888003,2161,2163
-1,888003,2162,2092
-1,888003,2163,2158
-1,888003,2164,2149
-1,888003,2165,2154
-1,888003,2166,2265
-1,888003,2167,2228
-1,888003,2168,2181
-1,888003,2169,2200
-1,888003,2170,2252
-1,888003,2171,2122
-1,888003,2172,2163
-1,888003,2173,2193
-1,888003,2174,2115
-1,888003,2175,2179
-1,888003,2176,2076
-1,888003,2177,2173
-1,888003,2178,2146
-1,888003,2179,2223
-1,888003,2180,2143
-1,888003,2181,2101
-1,888003,2182,2188
-1,888003,2183,2180
-1,888003,2184,2164
-1,888003,2185,2105
-1,888003,2186,2177
-1,888003,2187,2085
-1,888003,2188,2117
-1,888003,2189,2077
-1,888003,2190,2185
-1,888003,2191,2186
-1,888003,2192,2242
-1,888003,2193,2090
-1,888003,2194,2150
-1,888003,2195,2208
-1,888003,2196,2266
-1,888003,2197,2149
-1,888003,2198,2067
-1,888003,2199,2151
-1,888003,2200,2154
-1,888003,2201,2159
-1,888003,2202,2143
-1,888003,2203,2258
-1,888003,2204,2069
-1,888003,2205,2153
-1,888003,2206,2131
-1,888003,2207,2237
-1,888003,2208,2147
-1,888003,2209,2220
-1,888003,2210,2185
-1,888003,2211,2206
-1,888003,2212,2276
-1,888003,2213,2137
-1,888003,2214,2149
-1,888003,2215,2102
-1,888003,2216,2180
-1,888003,2217,2202
-1,888003,2218,2168
-1,888003,2219,2178
-1,888003,2220,2171
-1,888003,2221,2193
-1,888003,2222,2187
-1,888003,2223,2174
-1,888003,2224,2157
-1,888003,2225,2171
-1,888003,2226,2108
-1,888003,2227,2218
-1,888003,2228,2063
-1,888003,2229,2225
-1,888003,2230,2145
-1,888003,2231,2177
-1,888003,2232,2174
-1,888003,2233,2209
-1,888003,2234,2129
-1,888003,2235,2128
-1,888003,2236,2186
-1,888003,2237,2237
-1,888003,2238,2142
-1,888003,2239,2271
-1,888003,2240,2164
-1,888003,2241,2212
-1,888003,2242,2160
-1,888003,2243,2130
-1,888003,2244,2128
-1,888003,2245,2220
-1,888003,2246,2200
-1,888003,2247,2176
-1,888003,2248,2224
-1,888003,2249,2152
-1,888003,2250,2259
-1,888003,2251,2151
-1,888003,2252,2159
-1,888003,2253,2179
-1,888003,2254,2128
-1,888003,2255,2218
-1,888003,2256,2207
-1,888003,2257,2127
-1,888003,2258,2186
-1,888003,2259,2189
-1,888003,2260,2174
-1,888003,2261,2223
-1,888003,2262,2219
-1,888003,2263,2227
-1,888003,2264,2254
-1,888003,2265,2123
-1,888003,2266,2183
-1,888003,2267,2164
-1,888003,2268,2154
-1,888003,2269,2193
-1,888003,2270,2192
-1,888003,2271,2189
-1,888003,2272,2200
-1,888003,2273,2192
-1,888003,2274,2239
-1,888003,2275,2268
-1,888003,2276,2193
-1,888003,2277,2118
-1,888003,2278,2201
-1,888003,2279,2242
-1,888003,2280,2189
-1,888003,2281,2145
-1,888003,2282,2180
-1,888003,2283,2117
-1,888003,2284,2240
-1,888003,2285,2243
-1,888003,2286,2142
-1,888003,2287,2193
-1,888003,2288,2130
-1,888003,2289,2144
-1,888003,2290,2169
-1,888003,2291,2132
-1,888003,2292,2135
-1,888003,2293,2154
-1,888003,2294,2119
-1,888003,2295,2151
-1,888003,2296,2184
-1,888003,2297,2162
-1,888003,2298,2144
-1,888003,2299,2133
-1,888003,2300,2154
-1,888003,2301,2128
-1,888003,2302,2101
-1,888003,2303,2193
-1,888003,2304,2180
-1,888003,2305,2251
-1,888003,2306,2254
-1,888003,2307,2163
-1,888003,2308,2203
-1,888003,2309,2177
-1,888003,2310,2235
-1,888003,2311,2161
-1,888003,2312,2137
-1,888003,2313,2131
-1,888003,2314,2213
-1,888003,2315,2141
-1,888003,2316,2135
-1,888003,2317,2160
-1,888003,2318,2200
-1,888003,2319,2157
-1,888003,2320,2165
-1,888003,2321,2142
-1,888003,2322,2074
-1,888003,2323,2259
-1,888003,2324,2205
-1,888003,2325,2203
-1,888003,2326,2211
-1,888003,2327,2116
-1,888003,2328,2263
-1,888003,2329,2241
-1,888003,2330,2170
-1,888003,2331,2307
-1,888003,2332,2188
-1,888003,2333,2195
-1,888003,2334,2168
-1,888003,2335,2186
-1,888003,2336,2184
-1,888003,2337,2233
-1,888003,2338,2095
-1,888003,2339,2178
-1,888003,2340,2167
-1,888003,2341,2080
-1,888003,2342,2232
-1,888003,2343,2183
-1,888003,2344,2189
-1,888003,2345,2118
-1,888003,2346,2123
-1,888003,2347,2143
-1,888003,2348,2186
-1,888003,2349,2158
-1,888003,2350,2193
-1,888003,2351,2139
-1,888003,2352,2122
-1,888003,2353,2143
-1,888003,2354,2187
-1,888003,2355,2223
-1,888003,2356,2168
-1,888003,2357,2197
-1,888003,2358,2179
-1,888003,2359,2131
-1,888003,2360,2109
-1,888003,2361,2270
-1,888003,2362,2185
-1,888003,2363,2178
-1,888003,2364,2144
-1,888003,2365,2171
-1,888003,2366,2183
-1,888003,2367,2173
-1,888003,2368,2147
-1,888003,2369,2168
-1,888003,2370,2221
-1,888003,2371,2160
-1,888003,2372,2170
-1,888003,2373,2232
-1,888003,2374,2209
-1,888003,2375,2093
-1,888003,2376,2138
-1,888003,2377,2201
-1,888003,2378,2171
-1,888003,2379,2171
-1,888003,2380,2157
-1,888003,2381,2228
-1,888003,2382,2114
-1,888003,2383,2154
-1,888003,2384,2241
-1,888003,2385,2182
-1,888003,2386,2171
-1,888003,2387,2191
-1,888003,2388,2164
-1,888003,2389,2265
-1,888003,2390,2255
-1,888003,2391,2121
-1,888003,2392,2114
-1,888003,2393,2185
-1,888003,2394,2193
-1,888003,2395,2172
-1,888003,2396,2186
-1,888003,2397,2136
-1,888003,2398,2106
-1,888003,2399,2242
-1,888003,2400,2192
-1,888003,2401,2168
-1,888003,2402,2262
-1,888003,2403,2198
-1,888003,2404,2172
-1,888003,2405,2146
-1,888003,2406,2202
-1,888003,2407,2200
-1,888003,2408,2137
-1,888003,2409,2243
-1,888003,2410,2178
-1,888003,2411,2217
-1,888003,2412,2272
-1,888003,2413,2184
-1,888003,2414,2180
-1,888003,2415,2138
-1,888003,2416,2104
-1,888003,2417,2140
-1,888003,2418,2176
-1,888003,2419,2169
-1,888003,2420,2116
-1,888003,2421,2129
-1,888003,2422,2150
-1,888003,2423,2202
-1,888003,2424,2142
-1,888003,2425,2201
-1,888003,2426,2223
-1,888003,2427,2182
-1,888003,2428,2123
-1,888003,2429,2238
-1,888003,2430,2208
-1,888003,2431,2170
-1,888003,2432,2178
-1,888003,2433,2151
-1,888003,2434,2145
-1,888003,2435,2169
-1,888003,2436,2142
-1,888003,2437,2063
-1,888003,2438,2219
-1,888003,2439,2212
-1,888003,2440,2198
-1,888003,2441,2183
-1,888003,2442,2171
-1,888003,2443,2201
-1,888003,2444,2212
-1,888003,2445,2153
-1,888003,2446,2129
-1,888003,2447,2137
-1,888003,2448,2161
-1,888003,2449,2152
-1,888003,2450,2149
-1,888003,2451,2147
-1,888003,2452,2135
-1,888003,2453,2236
-1,888003,2454,2251
-1,888003,2455,2231
-1,888003,2456,2154
-1,888003,2457,2186
-1,888003,2458,2173
-1,888003,2459,2116
-1,888003,2460,2140
-1,888003,2461,2131
-1,888003,2462,2272
-1,888003,2463,2185
-1,888003,2464,2124
-1,888003,2465,2151
-1,888003,2466,2268
-1,888003,2467,2163
-1,888003,2468,2186
-1,888003,2469,2203
-1,888003,2470,2183
-1,888003,2471,2159
-1,888003,2472,2187
-1,888003,2473,2090
-1,888003,2474,2166
-1,888003,2475,2172
-1,888003,2476,2142
-1,888003,2477,2215
-1,888003,2478,2214
-1,888003,2479,2153
-1,888003,2480,2138
-1,888003,2481,2170
-1,888003,2482,2191
-1,888003,2483,2153
-1,888003,2484,2143
-1,888003,2485,2162
-1,888003,2486,2160
-1,888003,2487,2102
-1,888003,2488,2151
-1,888003,2489,2189
-1,888003,2490,2201
-1,888003,2491,2179
-1,888003,2492,2149
-1,888003,2493,2176
-1,888003,2494,2139
-1,888003,2495,2166
-1,888003,2496,2177
-1,888003,2497,2165
-1,888003,2498,2185
-1,888003,2499,2120
-1,888003,2500,2151
-1,888003,2501,2220
-1,888003,2502,2152
-1,888003,2503,2212
-1,888003,2504,2223
-1,888003,2505,2163
-1,888003,2506,2203
-1,888003,2507,2177
-1,888003,2508,2157
-1,888003,2509,2213
-1,888003,2510,2136
-1,888003,2511,2110
-1,888003,2512,2179
-1,888003,2513,2129
-1,888003,2514,2168
-1,888003,2515,2295
-1,888003,2516,2126
-1,888003,2517,2206
-1,888003,2518,2228
-1,888003,2519,2181
-1,888003,2520,2241
-1,888003,2521,2082
-1,888003,2522,2261
-1,888003,2523,2146
-1,888003,2524,2125
-1,888003,2525,2191
-1,888003,2526,2188
-1,888003,2527,2234
-1,888003,2528,2124
-1,888003,2529,2141
-1,888003,2530,2134
-1,888003,2531,2150
-1,888003,2532,2259
-1,888003,2533,2122
-1,888003,2534,2165
-1,888003,2535,2161
-1,888003,2536,2205
-1,888003,2537,2239
-1,888003,2538,2204
-1,888003,2539,2201
-1,888003,2540,2195
-1,888003,2541,2151
-1,888003,2542,2183
-1,888003,2543,2193
-1,888003,2544,2161
-1,888003,2545,2174
-1,888003,2546,2182
-1,888003,2547,2144
-1,888003,2548,2224
-1,888003,2549,2199
-1,888003,2550,2201
-1,888003,2551,2174
-1,888003,2552,2201
-1,888003,2553,2166
-1,888003,2554,2223
-1,888003,2555,2135
-1,888003,2556,2186
-1,888003,2557,2195
-1,888003,2558,2167
-1,888003,2559,2102
-1,888003,2560,2276
-1,888003,2561,2127
-1,888003,2562,2200
-1,888003,2563,2074
-1,888003,2564,2150
-1,888003,2565,2140
-1,888003,2566,2189
-1,888003,2567,2131
-1,888003,2568,2129
-1,888003,2569,2138
-1,888003,2570,2123
-1,888003,2571,2181
-1,888003,2572,2167
-1,888003,2573,2194
-1,888003,2574,2133
-1,888003,2575,2172
-1,888003,2576,2133
-1,888003,2577,2242
-1,888003,2578,2220
-1,888003,2579,2111
-1,888003,2580,2166
-1,888003,2581,2085
-1,888003,2582,2196
-1,888003,2583,2154
-1,888003,2584,2168
-1,888003,2585,2233
-1,888003,2586,2181
-1,888003,2587,2189
-1,888003,2588,2139
-1,888003,2589,2153
-1,888003,2590,2157
-1,888003,2591,2073
-1,888003,2592,2125
-1,888003,2593,2143
-1,888003,2594,2160
-1,888003,2595,2121
-1,888003,2596,2205
-1,888003,2597,2122
-1,888003,2598,2179
-1,888003,2599,2116
-1,888003,2600,2166
-1,888003,2601,2199
-1,888003,2602,2156
-1,888003,2603,2251
-1,888003,2604,2073
-1,888003,2605,2150
-1,888003,2606,2184
-1,888003,2607,2130
-1,888003,2608,2121
-1,888003,2609,2145
-1,888003,2610,2148
-1,888003,2611,2163
-1,888003,2612,2194
-1,888003,2613,2172
-1,888003,2614,2166
-1,888003,2615,2188
-1,888003,2616,2219
-1,888003,2617,2177
-1,888003,2618,2174
-1,888003,2619,2166
-1,888003,2620,2174
-1,888003,2621,2126
-1,888003,2622,2145
-1,888003,2623,2191
-1,888003,2624,2163
-1,888003,2625,2158
-1,888003,2626,2130
-1,888003,2627,2247
-1,888003,2628,2183
-1,888003,2629,2131
-1,888003,2630,2210
-1,888003,2631,2181
-1,888003,2632,2169
-1,888003,2633,2200
-1,888003,2634,2146
-1,888003,2635,2136
-1,888003,2636,2112
-1,888003,2637,2204
-1,888003,2638,2207
-1,888003,2639,2235
-1,888003,2640,2158
-1,888003,2641,2091
-1,888003,2642,2232
-1,888003,2643,2178
-1,888003,2644,2130
-1,888003,2645,2111
-1,888003,2646,2245
-1,888003,2647,2179
-1,888003,2648,2078
-1,888003,2649,2178
-1,888003,2650,2159
-1,888003,2651,2107
-1,888003,2652,2256
-1,888003,2653,2146
-1,888003,2654,2179
-1,888003,2655,2213
-1,888003,2656,2179
-1,888003,2657,2221
-1,888003,2658,2208
-1,888003,2659,2200
-1,888003,2660,2179
-1,888003,2661,2230
-1,888003,2662,2119
-1,888003,2663,2158
-1,888003,2664,2237
-1,888003,2665,2205
-1,888003,2666,2135
-1,888003,2667,2171
-1,888003,2668,2127
-1,888003,2669,2190
-1,888003,2670,2094
-1,888003,2671,2184
-1,888003,2672,2190
-1,888003,2673,2186
-1,888003,2674,2178
-1,888003,2675,2191
-1,888003,2676,2099
-1,888003,2677,2205
-1,888003,2678,2167
-1,888003,2679,2107
-1,888003,2680,2169
-1,888003,2681,2203
-1,888003,2682,2104
-1,888003,2683,2169
-1,888003,2684,2159
-1,888003,2685,2215
-1,888003,2686,2214
-1,888003,2687,2157
-1,888003,2688,2068
-1,888003,2689,2181
-1,888003,2690,2249
-1,888003,2691,2246
-1,888003,2692,2112
-1,888003,2693,2188
-1,888003,2694,2172
-1,888003,2695,2161
-1,888003,2696,2187
-1,888003,2697,2127
-1,888003,2698,2074
-1,888003,2699,2213
-1,888003,2700,2181
-1,888003,2701,2264
-1,888003,2702,2177
-1,888003,2703,2182
-1,888003,2704,2167
-1,888003,2705,2161
-1,888003,2706,2117
-1,888003,2707,2273
-1,888003,2708,2228
-1,888003,2709,2180
-1,888003,2710,2080
-1,888003,2711,2193
-1,888003,2712,2218
-1,888003,2713,2201
-1,888003,2714,2077
-1,888003,2715,2176
-1,888003,2716,2160
-1,888003,2717,2175
-1,888003,2718,2090
-1,888003,2719,2181
-1,888003,2720,2215
-1,888003,2721,2135
-1,888003,2722,2132
-1,888003,2723,2118
-1,888003,2724,2177
-1,888003,2725,2177
-1,888003,2726,2142
-1,888003,2727,2099
-1,888003,2728,2235
-1,888003,2729,2158
-1,888003,2730,2167
-1,888003,2731,2104
-1,888003,2732,2200
-1,888003,2733,2202
-1,888003,2734,2090
-1,888003,2735,2214
-1,888003,2736,2162
-1,888003,2737,2127
-1,888003,2738,2141
-1,888003,2739,2131
-1,888003,2740,2146
-1,888003,2741,2146
-1,888003,2742,2129
-1,888003,2743,2245
-1,888003,2744,2225
-1,888003,2745,2161
-1,888003,2746,2174
-1,888003,2747,2180
-1,888003,2748,2209
-1,888003,2749,2143
-1,888003,2750,2152
-1,888003,2751,2229
-1,888003,2752,2151
-1,888003,2753,2176
-1,888003,2754,2181
-1,888003,2755,2098
-1,888003,2756,2236
-1,888003,2757,2111
-1,888003,2758,2130
-1,888003,2759,2147
-1,888003,2760,2224
-1,888003,2761,2190
-1,888003,2762,2148
-1,888003,2763,2242
-1,888003,2764,2258
-1,888003,2765,2194
-1,888003,2766,2189
-1,888003,2767,2200
-1,888003,2768,2201
-1,888003,2769,2240
-1,888003,2770,2110
-1,888003,2771,2194
-1,888003,2772,2088
-1,888003,2773,2201
-1,888003,2774,2183
-1,888003,2775,2157
-1,888003,2776,2148
-1,888003,2777,2192
-1,888003,2778,2122
-1,888003,2779,2074
-1,888003,2780,2125
-1,888003,2781,2120
-1,888003,2782,2170
-1,888003,2783,2230
-1,888003,2784,2174
-1,888003,2785,2118
-1,888003,2786,2245
-1,888003,2787,2088
-1,888003,2788,2158
-1,888003,2789,2201
-1,888003,2790,2111
-1,888003,2791,2103
-1,888003,2792,2097
-1,888003,2793,2165
-1,888003,2794,2147
-1,888003,2795,2182
-1,888003,2796,2225
-1,888003,2797,2092
-1,888003,2798,2208
-1,888003,2799,2124
-1,888003,2800,2191
-1,888003,2801,2135
-1,888003,2802,2130
-1,888003,2803,2227
-1,888003,2804,2204
-1,888003,2805,2238
-1,888003,2806,2162
-1,888003,2807,2154
-1,888003,2808,2225
-1,888003,2809,2189
-1,888003,2810,2145
-1,888003,2811,2117
-1,888003,2812,2160
-1,888003,2813,2190
-1,888003,2814,2175
-1,888003,2815,2166
-1,888003,2816,2105
-1,888003,2817,2242
-1,888003,2818,2147
-1,888003,2819,2178
-1,888003,2820,2162
-1,888003,2821,2128
-1,888003,2822,2193
-1,888003,2823,2185
-1,888003,2824,2175
-1,888003,2825,2158
-1,888003,2826,2181
-1,888003,2827,2159
-1,888003,2828,2128
-1,888003,2829,2170
-1,888003,2830,2154
-1,888003,2831,2162
-1,888003,2832,2154
-1,888003,2833,2206
-1,888003,2834,2168
-1,888003,2835,2156
-1,888003,2836,2162
-1,888003,2837,2128
-1,888003,2838,2176
-1,888003,2839,2115
-1,888003,2840,2209
-1,888003,2841,2170
-1,888003,2842,2169
-1,888003,2843,2235
-1,888003,2844,2125
-1,888003,2845,2042
-1,888003,2846,2149
-1,888003,2847,2169
-1,888003,2848,2179
-1,888003,2849,2133
-1,888003,2850,2166
-1,888003,2851,2243
-1,888003,2852,2289
-1,888003,2853,2077
-1,888003,2854,2147
-1,888003,2855,2141
-1,888003,2856,2163
-1,888003,2857,2157
-1,888003,2858,2115
-1,888003,2859,2161
-1,888003,2860,2140
-1,888003,2861,2177
-1,888003,2862,2203
-1,888003,2863,2236
-1,888003,2864,2093
-1,888003,2865,2184
-1,888003,2866,2128
-1,888003,2867,2206
-1,888003,2868,2195
-1,888003,2869,2125
-1,888003,2870,2138
-1,888003,2871,2132
-1,888003,2872,2177
-1,888003,2873,2203
-1,888003,2874,2292
-1,888003,2875,2168
-1,888003,2876,2195
-1,888003,2877,2105
-1,888003,2878,2165
-1,888003,2879,2206
-1,888003,2880,2124
-1,888003,2881,2184
-1,888003,2882,2200
-1,888003,2883,2140
-1,888003,2884,2056
-1,888003,2885,2237
-1,888003,2886,2173
-1,888003,2887,2167
-1,888003,2888,2135
-1,888003,2889,2177
-1,888003,2890,2224
-1,888003,2891,2135
-1,888003,2892,2167
-1,888003,2893,2172
-1,888003,2894,2289
-1,888003,2895,2228
-1,888003,2896,2153
-1,888003,2897,2177
-1,888003,2898,2170
-1,888003,2899,2116
-1,888003,2900,2153
-1,888003,2901,2193
-1,888003,2902,2252
-1,888003,2903,2134
-1,888003,2904,2168
-1,888003,2905,2199
-1,888003,2906,2228
-1,888003,2907,2179
-1,888003,2908,2119
-1,888003,2909,2147
-1,888003,2910,2132
-1,888003,2911,2129
-1,888003,2912,2133
-1,888003,2913,2026
-1,888003,2914,2129
-1,888003,2915,2138
-1,888003,2916,2173
-1,888003,2917,2175
-1,888003,2918,2151
-1,888003,2919,2187
-1,888003,2920,2186
-1,888003,2921,2142
-1,888003,2922,2218
-1,888003,2923,2223
-1,888003,2924,2185
-1,888003,2925,2017
-1,888003,2926,2144
-1,888003,2927,2126
-1,888003,2928,2250
-1,888003,2929,2139
-1,888003,2930,2155
-1,888003,2931,2097
-1,888003,2932,2217
-1,888003,2933,2081
-1,888003,2934,2125
-1,888003,2935,2139
-1,888003,2936,2182
-1,888003,2937,2177
-1,888003,2938,2087
-1,888003,2939,2252
-1,888003,2940,2135
-1,888003,2941,2239
-1,888003,2942,2193
-1,888003,2943,2184
-1,888003,2944,2224
-1,888003,2945,2174
-1,888003,2946,2154
-1,888003,2947,2192
-1,888003,2948,2158
-1,888003,2949,2201
-1,888003,2950,2196
-1,888003,2951,2207
-1,888003,2952,2136
-1,888003,2953,2191
-1,888003,2954,2192
-1,888003,2955,2167
-1,888003,2956,2149
-1,888003,2957,2179
-1,888003,2958,2127
-1,888003,2959,2147
-1,888003,2960,2115
-1,888003,2961,2138
-1,888003,2962,2099
-1,888003,2963,2164
-1,888003,2964,2101
-1,888003,2965,2165
-1,888003,2966,2113
-1,888003,2967,2156
-1,888003,2968,2129
-1,888003,2969,2182
-1,888003,2970,2144
-1,888003,2971,2181
-1,888003,2972,2106
-1,888003,2973,2056
-1,888003,2974,2193
-1,888003,2975,2144
-1,888003,2976,2147
-1,888003,2977,2174
-1,888003,2978,2119
-1,888003,2979,2228
-1,888003,2980,2145
-1,888003,2981,2196
-1,888003,2982,2235
-1,888003,2983,2243
-1,888003,2984,2132
-1,888003,2985,2245
-1,888003,2986,2165
-1,888003,2987,2230
-1,888003,2988,2153
-1,888003,2989,2217
-1,888003,2990,2176
-1,888003,2991,2257
-1,888003,2992,2195
-1,888003,2993,2075
-1,888003,2994,2151
-1,888003,2995,2120
-1,888003,2996,2147
-1,888003,2997,2231
-1,888003,2998,2080
-1,888003,2999,2114
-1,888003,3000,2160
-1,888003,3001,2167
-1,888003,3002,2149
-1,888003,3003,2258
-1,888003,3004,2144
-1,888003,3005,2105
-1,888003,3006,2143
-1,888003,3007,2203
-1,888003,3008,2230
-1,888003,3009,2148
-1,888003,3010,2124
-1,888003,3011,2158
-1,888003,3012,2105
-1,888003,3013,2197
-1,888003,3014,2125
-1,888003,3015,2211
-1,888003,3016,2135
-1,888003,3017,2059
-1,888003,3018,2178
-1,888003,3019,2147
-1,888003,3020,2126
-1,888003,3021,2256
-1,888003,3022,2178
-1,888003,3023,2154
-1,888003,3024,2150
-1,888003,3025,2222
-1,888003,3026,2149
-1,888003,3027,2167
-1,888003,3028,2271
-1,888003,3029,2168
-1,888003,3030,2194
-1,888003,3031,2133
-1,888003,3032,2190
-1,888003,3033,2159
-1,888003,3034,2164
-1,888003,3035,2164
-1,888003,3036,2187
-1,888003,3037,2183
-1,888003,3038,2252
-1,888003,3039,2242
-1,888003,3040,2147
-1,888003,3041,2123
-1,888003,3042,2161
-1,888003,3043,2175
-1,888003,3044,2219
-1,888003,3045,2196
-1,888003,3046,2144
-1,888003,3047,2140
-1,888003,3048,2178
-1,888003,3049,2219
-1,888003,3050,2223
-1,888003,3051,2191
-1,888003,3052,2146
-1,888003,3053,2161
-1,888003,3054,2193
-1,888003,3055,2144
-1,888003,3056,2131
-1,888003,3057,2125
-1,888003,3058,2272
-1,888003,3059,2219
-1,888003,3060,2174
-1,888003,3061,2085
-1,888003,3062,2125
-1,888003,3063,2079
-1,888003,3064,2221
-1,888003,3065,2094
-1,888003,3066,2134
-1,888003,3067,2234
-1,888003,3068,2211
-1,888003,3069,2215
-1,888003,3070,2127
-1,888003,3071,2123
-1,888003,3072,2184
-1,888003,3073,2199
-1,888003,3074,2255
-1,888003,3075,2158
-1,888003,3076,2158
-1,888003,3077,2073
-1,888003,3078,2249
-1,888003,3079,2213
-1,888003,3080,2150
-1,888003,3081,2187
-1,888003,3082,2096
-1,888003,3083,2226
-1,888003,3084,2164
-1,888003,3085,2202
-1,888003,3086,2098
-1,888003,3087,2111
-1,888003,3088,2079
-1,888003,3089,2129
-1,888003,3090,2155
-1,888003,3091,2205
-1,888003,3092,2175
-1,888003,3093,2115
-1,888003,3094,2166
-1,888003,3095,2153
-1,888003,3096,2202
-1,888003,3097,2190
-1,888003,3098,2200
-1,888003,3099,2236
-1,888003,3100,2235
-1,888003,3101,2135
-1,888003,3102,2200
-1,888003,3103,2212
-1,888003,3104,2152
-1,888003,3105,2163
-1,888003,3106,2162
-1,888003,3107,2198
-1,888003,3108,2123
-1,888003,3109,2171
-1,888003,3110,2201
-1,888003,3111,2167
-1,888003,3112,2139
-1,888003,3113,2176
-1,888003,3114,2256
-1,888003,3115,2166
-1,888003,3116,2126
-1,888003,3117,2169
-1,888003,3118,2193
-1,888003,3119,2157
-1,888003,3120,2221
-1,888003,3121,2162
-1,888003,3122,2190
-1,888003,3123,2282
-1,888003,3124,2204
-1,888003,3125,2152
-1,888003,3126,2136
-1,888003,3127,2150
-1,888003,3128,2093
-1,888003,3129,2191
-1,888003,3130,2186
-1,888003,3131,2161
-1,888003,3132,2230
-1,888003,3133,2178
-1,888003,3134,2137
-1,888003,3135,2141
-1,888003,3136,2156
-1,888003,3137,2099
-1,888003,3138,2219
-1,888003,3139,2088
-1,888003,3140,2151
-1,888003,3141,2169
-1,888003,3142,2181
-1,888003,3143,2190
-1,888003,3144,2095
-1,888003,3145,2179
-1,888003,3146,2163
-1,888003,3147,2183
-1,888003,3148,2143
-1,888003,3149,2127
-1,888003,3150,2134
-1,888003,3151,2141
-1,888003,3152,2211
-1,888003,3153,2115
-1,888003,3154,2107
-1,888003,3155,2068
-1,888003,3156,2228
-1,888003,3157,2195
-1,888003,3158,2151
-1,888003,3159,2138
-1,888003,3160,2250
-1,888003,3161,2234
-1,888003,3162,2173
-1,888003,3163,2221
-1,888003,3164,2136
-1,888003,3165,2192
-1,888003,3166,2120
-1,888003,3167,2217
-1,888003,3168,2113
-1,888003,3169,2203
-1,888003,3170,2172
-1,888003,3171,2198
-1,888003,3172,2154
-1,888003,3173,2121
-1,888003,3174,2279
-1,888003,3175,2172
-1,888003,3176,2214
-1,888003,3177,2182
-1,888003,3178,2169
-1,888003,3179,2056
-1,888003,3180,2096
-1,888003,3181,2181
-1,888003,3182,2155
-1,888003,3183,2147
-1,888003,3184,2122
-1,888003,3185,2053
-1,888003,3186,2203
-1,888003,3187,2167
-1,888003,3188,2203
-1,888003,3189,2201
-1,888003,3190,2214
-1,888003,3191,2091
-1,888003,3192,2172
-1,888003,3193,2150
-1,888003,3194,2153
-1,888003,3195,2102
-1,888003,3196,2212
-1,888003,3197,2230
-1,888003,3198,2210
-1,888003,3199,2183
-1,888003,3200,2141
-1,888003,3201,2166
-1,888003,3202,2172
-1,888003,3203,2072
-1,888003,3204,2147
-1,888003,3205,2093
-1,888003,3206,2101
-1,888003,3207,2198
-1,888003,3208,2225
-1,888003,3209,2167
-1,888003,3210,2243
-1,888003,3211,2219
-1,888003,3212,2202
-1,888003,3213,2135
-1,888003,3214,2148
-1,888003,3215,2076
-1,888003,3216,2146
-1,888003,3217,2159
-1,888003,3218,2079
-1,888003,3219,2111
-1,888003,3220,2113
-1,888003,3221,2166
-1,888003,3222,2184
-1,888003,3223,2184
-1,888003,3224,2110
-1,888003,3225,2126
-1,888003,3226,2170
-1,888003,3227,2201
-1,888003,3228,2197
-1,888003,3229,2147
-1,888003,3230,2187
-1,888003,3231,2174
-1,888003,3232,2131
-1,888003,3233,2076
-1,888003,3234,2166
-1,888003,3235,2126
-1,888003,3236,2172
-1,888003,3237,2203
-1,888003,3238,2232
-1,888003,3239,2235
-1,888003,3240,2248
-1,888003,3241,2236
-1,888003,3242,2149
-1,888003,3243,2108
-1,888003,3244,2177
-1,888003,3245,2117
-1,888003,3246,2198
-1,888003,3247,2111
-1,888003,3248,2209
-1,888003,3249,2043
-1,888003,3250,2140
-1,888003,3251,2257
-1,888003,3252,2193
-1,888003,3253,2120
-1,888003,3254,2114
-1,888003,3255,2175
-1,888003,3256,2185
-1,888003,3257,2125
-1,888003,3258,2138
-1,888003,3259,2187
-1,888003,3260,2177
-1,888003,3261,2186
-1,888003,3262,2198
-1,888003,3263,2197
-1,888003,3264,2192
-1,888003,3265,2129
-1,888003,3266,2127
-1,888003,3267,2189
-1,888003,3268,2161
-1,888003,3269,2146
-1,888003,3270,2186
-1,888003,3271,2161
-1,888003,3272,2127
-1,888003,3273,2163
-1,888003,3274,2160
-1,888003,3275,2165
-1,888003,3276,2130
-1,888003,3277,2167
-1,888003,3278,2128
-1,888003,3279,2165
-1,888003,3280,2066
-1,888003,3281,2163
-1,888003,3282,2196
-1,888003,3283,2175
-1,888003,3284,2098
-1,888003,3285,2161
-1,888003,3286,2219
-1,888003,3287,2149
-1,888003,3288,2181
-1,888003,3289,2207
-1,888003,3290,2136
-1,888003,3291,2109
-1,888003,3292,2199
-1,888003,3293,2162
-1,888003,3294,2139
-1,888003,3295,2192
-1,888003,3296,2264
-1,888003,3297,2130
-1,888003,3298,2121
-1,888003,3299,2110
-1,888003,3300,2293
-1,888003,3301,2167
-1,888003,3302,2174
-1,888003,3303,2137
-1,888003,3304,2148
-1,888003,3305,2175
-1,888003,3306,2197
-1,888003,3307,2125
-1,888003,3308,2146
-1,888003,3309,2147
-1,888003,3310,2196
-1,888003,3311,2129
-1,888003,3312,2134
-1,888003,3313,2144
-1,888003,3314,2217
-1,888003,3315,2171
-1,888003,3316,2114
-1,888003,3317,2154
-1,888003,3318,2179
-1,888003,3319,2237
-1,888003,3320,2175
-1,888003,3321,2112
-1,888003,3322,2159
-1,888003,3323,2132
-1,888003,3324,2205
-1,888003,3325,2215
-1,888003,3326,2164
-1,888003,3327,2145
-1,888003,3328,2177
-1,888003,3329,2181
-1,888003,3330,2175
-1,888003,3331,2239
-1,888003,3332,2222
-1,888003,3333,2226
-1,888003,3334,2166
-1,888003,3335,2182
-1,888003,3336,2173
-1,888003,3337,2168
-1,888003,3338,2114
-1,888003,3339,2131
-1,888003,3340,2124
-1,888003,3341,2080
-1,888003,3342,2142
-1,888003,3343,2204
-1,888003,3344,2138
-1,888003,3345,2067
-1,888003,3346,2155
-1,888003,3347,2230
-1,888003,3348,2131
-1,888003,3349,2175
-1,888003,3350,2154
-1,888003,3351,2204
-1,888003,3352,2274
-1,888003,3353,2254
-1,888003,3354,2185
-1,888003,3355,2133
-1,888003,3356,2123
-1,888003,3357,2221
-1,888003,3358,2194
-1,888003,3359,2168
-1,888003,3360,2086
-1,888003,3361,2139
-1,888003,3362,2172
-1,888003,3363,2190
-1,888003,3364,2132
-1,888003,3365,2148
-1,888003,3366,2243
-1,888003,3367,2147
-1,888003,3368,2098
-1,888003,3369,2179
-1,888003,3370,2213
-1,888003,3371,2233
-1,888003,3372,2165
-1,888003,3373,2280
-1,888003,3374,2121
-1,888003,3375,2194
-1,888003,3376,2223
-1,888003,3377,2088
-1,888003,3378,2235
-1,888003,3379,2212
-1,888003,3380,2210
-1,888003,3381,2096
-1,888003,3382,2120
-1,888003,3383,2186
-1,888003,3384,2208
-1,888003,3385,2127
-1,888003,3386,2205
-1,888003,3387,2189
-1,888003,3388,2210
-1,888003,3389,2208
-1,888003,3390,2177
-1,888003,3391,2175
-1,888003,3392,2131
-1,888003,3393,2156
-1,888003,3394,2146
-1,888003,3395,2167
-1,888003,3396,2199
-1,888003,3397,2210
-1,888003,3398,2130
-1,888003,3399,2258
-1,888003,3400,2124
-1,888003,3401,2234
-1,888003,3402,2213
-1,888003,3403,2179
-1,888003,3404,2299
-1,888003,3405,2135
-1,888003,3406,2132
-1,888003,3407,2162
-1,888003,3408,2182
-1,888003,3409,2181
-1,888003,3410,2142
-1,888003,3411,2155
-1,888003,3412,2096
-1,888003,3413,2109
-1,888003,3414,2152
-1,888003,3415,2182
-1,888003,3416,2192
-1,888003,3417,2209
-1,888003,3418,2148
-1,888003,3419,2180
-1,888003,3420,2030
-1,888003,3421,2229
-1,888003,3422,2203
-1,888003,3423,2191
-1,888003,3424,2149
-1,888003,3425,2237
-1,888003,3426,2136
-1,888003,3427,2198
-1,888003,3428,2229
-1,888003,3429,2121
-1,888003,3430,2161
-1,888003,3431,2225
-1,888003,3432,2190
-1,888003,3433,2115
-1,888003,3434,2238
-1,888003,3435,2166
-1,888003,3436,2042
-1,888003,3437,2165
-1,888003,3438,2210
-1,888003,3439,2209
-1,888003,3440,2204
-1,888003,3441,2142
-1,888003,3442,2119
-1,888003,3443,2152
-1,888003,3444,2204
-1,888003,3445,2204
-1,888003,3446,2149
-1,888003,3447,2208
-1,888003,3448,2144
-1,888003,3449,2183
-1,888003,3450,2114
-1,888003,3451,2153
-1,888003,3452,2142
-1,888003,3453,2219
-1,888003,3454,2181
-1,888003,3455,2072
-1,888003,3456,2153
-1,888003,3457,2217
-1,888003,3458,2152
-1,888003,3459,2192
-1,888003,3460,2137
-1,888003,3461,2159
-1,888003,3462,2121
-1,888003,3463,2205
-1,888003,3464,2112
-1,888003,3465,2126
-1,888003,3466,2216
-1,888003,3467,2211
-1,888003,3468,2129
-1,888003,3469,2205
-1,888003,3470,2138
-1,888003,3471,2094
-1,888003,3472,2061
-1,888003,3473,2179
-1,888003,3474,2071
-1,888003,3475,2171
-1,888003,3476,2089
-1,888003,3477,2108
-1,888003,3478,2145
-1,888003,3479,2189
-1,888003,3480,2063
-1,888003,3481,2096
-1,888003,3482,2189
-1,888003,3483,2190
-1,888003,3484,2149
-1,888003,3485,2151
-1,888003,3486,2178
-1,888003,3487,2105
-1,888003,3488,2224
-1,888003,3489,2183
-1,888003,3490,2232
-1,888003,3491,2182
-1,888003,3492,2180
-1,888003,3493,2186
-1,888003,3494,2042
-1,888003,3495,2067
-1,888003,3496,2204
-1,888003,3497,2103
-1,888003,3498,2203
-1,888003,3499,2113
-1,888003,3500,2186
-1,888003,3501,2146
-1,888003,3502,2055
-1,888003,3503,2217
-1,888003,3504,2148
-1,888003,3505,2182
-1,888003,3506,2143
-1,888003,3507,2230
-1,888003,3508,2190
-1,888003,3509,2133
-1,888003,3510,2109
-1,888003,3511,2157
-1,888003,3512,2130
-1,888003,3513,2246
-1,888003,3514,2166
-1,888003,3515,2196
-1,888003,3516,2153
-1,888003,3517,2155
-1,888003,3518,2188
-1,888003,3519,2224
-1,888003,3520,2155
-1,888003,3521,2173
-1,888003,3522,2125
-1,888003,3523,2206
-1,888003,3524,2139
-1,888003,3525,2227
-1,888003,3526,2211
-1,888003,3527,2178
-1,888003,3528,2166
-1,888003,3529,2116
-1,888003,3530,2223
-1,888003,3531,2130
-1,888003,3532,2162
-1,888003,3533,2150
-1,888003,3534,2143
-1,888003,3535,2232
-1,888003,3536,2173
-1,888003,3537,2145
-1,888003,3538,2118
-1,888003,3539,2205
-1,888003,3540,2159
-1,888003,3541,2204
-1,888003,3542,2145
-1,888003,3543,2122
-1,888003,3544,2191
-1,888003,3545,2179
-1,888003,3546,2281
-1,888003,3547,2216
-1,888003,3548,2169
-1,888003,3549,2182
-1,888003,3550,2096
-1,888003,3551,2179
-1,888003,3552,2248
-1,888003,3553,2140
-1,888003,3554,2160
-1,888003,3555,2191
-1,888003,3556,2127
-1,888003,3557,2097
-1,888003,3558,2189
-1,888003,3559,2197
-1,888003,3560,2160
-1,888003,3561,2186
-1,888003,3562,2220
-1,888003,3563,2159
-1,888003,3564,2137
-1,888003,3565,2111
-1,888003,3566,2202
-1,888003,3567,2208
-1,888003,3568,2067
-1,888003,3569,2230
-1,888003,3570,2134
-1,888003,3571,2162
-1,888003,3572,2133
-1,888003,3573,2173
-1,888003,3574,2079
-1,888003,3575,2181
-1,888003,3576,2225
-1,888003,3577,2165
-1,888003,3578,2112
-1,888003,3579,2190
-1,888003,3580,2186
-1,888003,3581,2121
-1,888003,3582,2193
-1,888003,3583,2160
-1,888003,3584,2142
-1,888003,3585,2156
-1,888003,3586,2138
-1,888003,3587,2140
-1,888003,3588,2204
-1,888003,3589,2222
-1,888003,3590,2147
-1,888003,3591,2163
-1,888003,3592,2200
-1,888003,3593,2099
-1,888003,3594,2200
-1,888003,3595,2216
-1,888003,3596,2080
-1,888003,3597,2292
-1,888003,3598,2108
-1,888003,3599,2190
-1,888003,3600,2215
-1,888003,3601,2279
-1,888003,3602,2183
-1,888003,3603,2208
-1,888003,3604,2199
-1,888003,3605,2176
-1,888003,3606,2089
-1,888003,3607,2162
-1,888003,3608,2185
-1,888003,3609,2168
-1,888003,3610,2234
-1,888003,3611,2221
-1,888003,3612,2195
-1,888003,3613,2134
-1,888003,3614,2172
-1,888003,3615,2113
-1,888003,3616,2218
-1,888003,3617,2247
-1,888003,3618,2178
-1,888003,3619,2145
-1,888003,3620,2131
-1,888003,3621,2193
-1,888003,3622,2158
-1,888003,3623,2234
-1,888003,3624,2123
-1,888003,3625,2143
-1,888003,3626,2213
-1,888003,3627,2132
-1,888003,3628,2201
-1,888003,3629,2203
-1,888003,3630,2139
-1,888003,3631,2136
-1,888003,3632,2274
-1,888003,3633,2228
-1,888003,3634,2235
-1,888003,3635,2178
-1,888003,3636,2187
-1,888003,3637,2149
-1,888003,3638,2194
-1,888003,3639,2195
-1,888003,3640,2157
-1,888003,3641,2115
-1,888003,3642,2180
-1,888003,3643,2175
-1,888003,3644,2161
-1,888003,3645,2137
-1,888003,3646,2249
-1,888003,3647,2142
-1,888003,3648,2189
-1,888003,3649,2209
-1,888003,3650,2163
-1,888003,3651,2062
-1,888003,3652,2213
-1,888003,3653,2157
-1,888003,3654,2190
-1,888003,3655,2275
-1,888003,3656,2156
-1,888003,3657,2216
-1,888003,3658,2147
-1,888003,3659,2220
-1,888003,3660,2186
-1,888003,3661,2183
-1,888003,3662,2131
-1,888003,3663,2161
-1,888003,3664,2227
-1,888003,3665,2146
-1,888003,3666,2160
-1,888003,3667,2094
-1,888003,3668,2243
-1,888003,3669,2165
-1,888003,3670,2169
-1,888003,3671,2144
-1,888003,3672,2156
-1,888003,3673,2109
-1,888003,3674,2192
-1,888003,3675,2163
-1,888003,3676,2105
-1,888003,3677,2177
-1,888003,3678,2204
-1,888003,3679,2113
-1,888003,3680,2285
-1,888003,3681,2190
-1,888003,3682,2094
-1,888003,3683,2129
-1,888003,3684,2177
-1,888003,3685,2146
-1,888003,3686,2208
-1,888003,3687,2132
-1,888003,3688,2161
-1,888003,3689,2145
-1,888003,3690,2199
-1,888003,3691,2181
-1,888003,3692,2198
-1,888003,3693,2179
-1,888003,3694,2116
-1,888003,3695,2141
-1,888003,3696,2197
-1,888003,3697,2140
-1,888003,3698,2222
-1,888003,3699,2138
-1,888003,3700,2155
-1,888003,3701,2091
-1,888003,3702,2159
-1,888003,3703,2222
-1,888003,3704,2219
-1,888003,3705,2176
-1,888003,3706,2121
-1,888003,3707,2160
-1,888003,3708,2176
-1,888003,3709,2144
-1,888003,3710,2058
-1,888003,3711,2156
-1,888003,3712,2163
-1,888003,3713,2159
-1,888003,3714,2190
-1,888003,3715,2161
-1,888003,3716,2173
-1,888003,3717,2187
-1,888003,3718,2118
-1,888003,3719,2164
-1,888003,3720,2193
-1,888003,3721,2122
-1,888003,3722,2137
-1,888003,3723,2226
-1,888003,3724,2164
-1,888003,3725,2141
-1,888003,3726,2264
-1,888003,3727,2154
-1,888003,3728,2144
-1,888003,3729,2122
-1,888003,3730,2212
-1,888003,3731,2171
-1,888003,3732,2193
-1,888003,3733,2186
-1,888003,3734,2230
-1,888003,3735,2143
-1,888003,3736,2233
-1,888003,3737,2126
-1,888003,3738,2172
-1,888003,3739,2096
-1,888003,3740,2149
-1,888003,3741,2149
-1,888003,3742,2172
-1,888003,3743,2076
-1,888003,3744,2245
-1,888003,3745,2180
-1,888003,3746,2190
-1,888003,3747,2168
-1,888003,3748,2143
-1,888003,3749,2210
-1,888003,3750,2133
-1,888003,3751,2206
-1,888003,3752,2127
-1,888003,3753,2097
-1,888003,3754,2140
-1,888003,3755,2087
-1,888003,3756,2192
-1,888003,3757,2150
-1,888003,3758,2228
-1,888003,3759,2239
-1,888003,3760,2137
-1,888003,3761,2191
-1,888003,3762,2184
-1,888003,3763,2214
-1,888003,3764,2215
-1,888003,3765,2137
-1,888003,3766,2140
-1,888003,3767,2196
-1,888003,3768,2239
-1,888003,3769,2164
-1,888003,3770,2218
-1,888003,3771,2117
-1,888003,3772,2136
-1,888003,3773,2130
-1,888003,3774,2083
-1,888003,3775,2118
-1,888003,3776,2195
-1,888003,3777,2124
-1,888003,3778,2157
-1,888003,3779,2169
-1,888003,3780,2079
-1,888003,3781,2246
-1,888003,3782,2164
-1,888003,3783,2262
-1,888003,3784,2134
-1,888003,3785,2149
-1,888003,3786,2269
-1,888003,3787,2162
-1,888003,3788,2238
-1,888003,3789,2151
-1,888003,3790,2137
-1,888003,3791,2236
-1,888003,3792,2098
-1,888003,3793,2146
-1,888003,3794,2193
-1,888003,3795,2219
-1,888003,3796,2225
-1,888003,3797,2200
-1,888003,3798,2216
-1,888003,3799,2189
-1,888003,3800,2198
-1,888003,3801,2075
-1,888003,3802,2216
-1,888003,3803,2198
-1,888003,3804,2173
-1,888003,3805,2101
-1,888003,3806,2191
-1,888003,3807,2163
-1,888003,3808,2174
-1,888003,3809,2138
-1,888003,3810,2168
-1,888003,3811,2175
-1,888003,3812,2182
-1,888003,3813,2111
-1,888003,3814,2180
-1,888003,3815,2235
-1,888003,3816,2163
-1,888003,3817,2220
-1,888003,3818,2133
-1,888003,3819,2241
-1,888003,3820,2133
-1,888003,3821,2182
-1,888003,3822,2157
-1,888003,3823,2147
-1,888003,3824,2095
-1,888003,3825,2181
-1,888003,3826,2144
-1,888003,3827,2116
-1,888003,3828,2195
-1,888003,3829,2129
-1,888003,3830,2092
-1,888003,3831,2133
-1,888003,3832,2141
-1,888003,3833,2112
-1,888003,3834,2182
-1,888003,3835,2147
-1,888003,3836,2188
-1,888003,3837,2152
-1,888003,3838,2180
-1,888003,3839,2089
-1,888003,3840,2136
-1,888003,3841,2192
-1,888003,3842,2131
-1,888003,3843,2124
-1,888003,3844,2116
-1,888003,3845,2137
-1,888003,3846,2124
-1,888003,3847,2246
-1,888003,3848,2133
-1,888003,3849,2177
-1,888003,3850,2278
-1,888003,3851,2184
-1,888003,3852,2208
-1,888003,3853,2141
-1,888003,3854,2315
-1,888003,3855,2214
-1,888003,3856,2224
-1,888003,3857,2238
-1,888003,3858,2122
-1,888003,3859,2216
-1,888003,3860,2188
-1,888003,3861,2070
-1,888003,3862,2151
-1,888003,3863,2142
-1,888003,3864,2178
-1,888003,3865,2166
-1,888003,3866,2131
-1,888003,3867,2138
-1,888003,3868,2098
-1,888003,3869,2199
-1,888003,3870,2212
-1,888003,3871,2164
-1,888003,3872,2108
-1,888003,3873,2163
-1,888003,3874,2165
-1,888003,3875,2127
-1,888003,3876,2148
-1,888003,3877,2228
-1,888003,3878,2211
-1,888003,3879,2104
-1,888003,3880,2156
-1,888003,3881,2169
-1,888003,3882,2190
-1,888003,3883,2265
-1,888003,3884,2168
-1,888003,3885,2220
-1,888003,3886,2166
-1,888003,3887,2146
-1,888003,3888,2191
-1,888003,3889,2149
-1,888003,3890,2147
-1,888003,3891,2168
-1,888003,3892,2136
-1,888003,3893,2132
-1,888003,3894,2176
-1,888003,3895,2127
-1,888003,3896,2210
-1,888003,3897,2139
-1,888003,3898,2184
-1,888003,3899,2141
-1,888003,3900,2104
-1,888003,3901,2180
-1,888003,3902,2251
-1,888003,3903,2141
-1,888003,3904,2186
-1,888003,3905,2195
-1,888003,3906,2115
-1,888003,3907,2160
-1,888003,3908,2168
-1,888003,3909,2211
-1,888003,3910,2237
-1,888003,3911,2259
-1,888003,3912,2162
-1,888003,3913,2107
-1,888003,3914,2160
-1,888003,3915,2192
-1,888003,3916,2130
-1,888003,3917,2144
-1,888003,3918,2048
-1,888003,3919,2142
-1,888003,3920,2230
-1,888003,3921,2134
-1,888003,3922,2187
-1,888003,3923,2212
-1,888003,3924,2158
-1,888003,3925,2167
-1,888003,3926,2172
-1,888003,3927,2197
-1,888003,3928,2185
-1,888003,3929,2200
-1,888003,3930,2208
-1,888003,3931,2167
-1,888003,3932,2229
-1,888003,3933,2107
-1,888003,3934,2220
-1,888003,3935,2190
-1,888003,3936,2071
-1,888003,3937,2248
-1,888003,3938,2097
-1,888003,3939,2153
-1,888003,3940,2253
-1,888003,3941,2188
-1,888003,3942,2202
-1,888003,3943,2175
-1,888003,3944,2180
-1,888003,3945,2166
-1,888003,3946,2180
-1,888003,3947,2206
-1,888003,3948,2170
-1,888003,3949,2118
-1,888003,3950,2273
-1,888003,3951,2180
-1,888003,3952,2237
-1,888003,3953,2147
-1,888003,3954,2225
-1,888003,3955,2215
-1,888003,3956,2253
-1,888003,3957,2195
-1,888003,3958,2108
-1,888003,3959,2213
-1,888003,3960,2201
-1,888003,3961,2214
-1,888003,3962,2158
-1,888003,3963,2215
-1,888003,3964,2162
-1,888003,3965,2130
-1,888003,3966,2248
-1,888003,3967,2161
-1,888003,3968,2153
-1,888003,3969,2219
-1,888003,3970,2199
-1,888003,3971,2180
-1,888003,3972,2146
-1,888003,3973,2200
-1,888003,3974,2171
-1,888003,3975,2131
-1,888003,3976,2105
-1,888003,3977,2111
-1,888003,3978,2131
-1,888003,3979,2196
-1,888003,3980,2223
-1,888003,3981,2174
-1,888003,3982,2133
-1,888003,3983,2167
-1,888003,3984,2249
-1,888003,3985,2253
-1,888003,3986,2137
-1,888003,3987,2199
-1,888003,3988,2235
-1,888003,3989,2201
-1,888003,3990,2121
-1,888003,3991,2126
-1,888003,3992,2150
-1,888003,3993,2224
-1,888003,3994,2223
-1,888003,3995,2086
-1,888003,3996,2112
-1,888003,3997,2249
-1,888003,3998,2149
-1,888003,3999,2161
-1,888003,4000,2102
-1,888003,4001,2144
-1,888003,4002,2197
-1,888003,4003,2106
-1,888003,4004,2140
-1,888003,4005,2142
-1,888003,4006,2165
-1,888003,4007,2204
-1,888003,4008,2190
-1,888003,4009,2141
-1,888003,4010,2241
-1,888003,4011,2149
-1,888003,4012,2177
-1,888003,4013,2157
-1,888003,4014,2228
-1,888003,4015,2208
-1,888003,4016,2176
-1,888003,4017,2216
-1,888003,4018,2218
-1,888003,4019,2196
-1,888003,4020,2105
-1,888003,4021,2111
-1,888003,4022,2193
-1,888003,4023,2183
-1,888003,4024,2169
-1,888003,4025,2149
-1,888003,4026,2181
-1,888003,4027,2130
-1,888003,4028,2144
-1,888003,4029,2042
-1,888003,4030,2156
-1,888003,4031,2194
-1,888003,4032,2178
-1,888003,4033,2214
-1,888003,4034,2184
-1,888003,4035,2161
-1,888003,4036,2157
-1,888003,4037,2134
-1,888003,4038,2176
-1,888003,4039,2164
-1,888003,4040,2201
-1,888003,4041,2166
-1,888003,4042,2130
-1,888003,4043,2161
-1,888003,4044,2158
-1,888003,4045,2245
-1,888003,4046,2134
-1,888003,4047,2162
-1,888003,4048,2057
-1,888003,4049,2169
-1,888003,4050,2183
-1,888003,4051,2147
-1,888003,4052,2203
-1,888003,4053,2157
-1,888003,4054,2159
-1,888003,4055,2179
-1,888003,4056,2094
-1,888003,4057,2183
-1,888003,4058,2131
-1,888003,4059,2101
-1,888003,4060,2071
-1,888003,4061,2167
-1,888003,4062,2240
-1,888003,4063,2138
-1,888003,4064,2253
-1,888003,4065,2183
-1,888003,4066,2174
-1,888003,4067,2217
-1,888003,4068,2158
-1,888003,4069,2170
-1,888003,4070,2166
-1,888003,4071,2142
-1,888003,4072,2141
-1,888003,4073,2061
-1,888003,4074,2115
-1,888003,4075,2168
-1,888003,4076,2153
-1,888003,4077,2238
-1,888003,4078,2179
-1,888003,4079,2223
-1,888003,4080,2180
-1,888003,4081,2161
-1,888003,4082,2172
-1,888003,4083,2259
-1,888003,4084,2137
-1,888003,4085,2193
-1,888003,4086,2215
-1,888003,4087,2171
-1,888003,4088,2205
-1,888003,4089,2064
-1,888003,4090,2159
-1,888003,4091,2217
-1,888003,4092,2222
-1,888003,4093,2186
-1,888003,4094,2197
-1,888003,4095,2129
-1,888003,4096,2206
-1,888003,4097,2141
-1,888003,4098,2105
-1,888003,4099,2081
-1,888003,4100,2161
-1,888003,4101,2175
-1,888003,4102,2230
-1,888003,4103,2182
-1,888003,4104,2222
-1,888003,4105,2174
-1,888003,4106,2149
-1,888003,4107,2122
-1,888003,4108,2129
-1,888003,4109,2174
-1,888003,4110,2212
-1,888003,4111,2187
-1,888003,4112,2241
-1,888003,4113,2217
-1,888003,4114,2130
-1,888003,4115,2212
-1,888003,4116,2190
-1,888003,4117,2146
-1,888003,4118,2228
-1,888003,4119,2119
-1,888003,4120,2269
-1,888003,4121,2178
-1,888003,4122,2148
-1,888003,4123,2231
-1,888003,4124,2145
-1,888003,4125,2204
-1,888003,4126,2276
-1,888003,4127,2169
-1,888003,4128,2171
-1,888003,4129,2158
-1,888003,4130,2182
-1,888003,4131,2266
-1,888003,4132,2186
-1,888003,4133,2213
-1,888003,4134,2191
-1,888003,4135,2151
-1,888003,4136,2141
-1,888003,4137,2107
-1,888003,4138,2042
-1,888003,4139,2203
-1,888003,4140,2242
-1,888003,4141,2171
-1,888003,4142,2239
-1,888003,4143,2255
-1,888003,4144,2183
-1,888003,4145,2167
-1,888003,4146,2161
-1,888003,4147,2162
-1,888003,4148,2190
-1,888003,4149,2255
-1,888003,4150,2220
-1,888003,4151,2249
-1,888003,4152,2180
-1,888003,4153,2168
-1,888003,4154,2188
-1,888003,4155,2210
-1,888003,4156,2202
-1,888003,4157,2204
-1,888003,4158,2078
-1,888003,4159,2217
-1,888003,4160,2180
-1,888003,4161,2122
-1,888003,4162,2173
-1,888003,4163,2197
-1,888003,4164,2158
-1,888003,4165,2150
-1,888003,4166,2186
-1,888003,4167,2172
-1,888003,4168,2151
-1,888003,4169,2164
-1,888003,4170,2219
-1,888003,4171,2102
-1,888003,4172,2204
-1,888003,4173,2157
-1,888003,4174,2182
-1,888003,4175,2137
-1,888003,4176,2134
-1,888003,4177,2154
-1,888003,4178,2157
-1,888003,4179,2137
-1,888003,4180,2180
-1,888003,4181,2196
-1,888003,4182,2265
-1,888003,4183,2171
-1,888003,4184,2290
-1,888003,4185,2175
-1,888003,4186,2226
-1,888003,4187,2293
-1,888003,4188,2187
-1,888003,4189,2186
-1,888003,4190,2216
-1,888003,4191,2229
-1,888003,4192,2156
-1,888003,4193,2172
-1,888003,4194,2145
-1,888003,4195,2165
-1,888003,4196,2193
-1,888003,4197,2189
-1,888003,4198,2166
-1,888003,4199,2158
-1,888003,4200,2186
-1,888003,4201,2179
-1,888003,4202,2143
-1,888003,4203,2186
-1,888003,4204,2186
-1,888003,4205,2197
-1,888003,4206,2162
-1,888003,4207,2242
-1,888003,4208,2217
-1,888003,4209,2137
-1,888003,4210,2195
-1,888003,4211,2157
-1,888003,4212,2216
-1,888003,4213,2239
-1,888003,4214,2173
-1,888003,4215,2120
-1,888003,4216,2117
-1,888003,4217,2207
-1,888003,4218,2148
-1,888003,4219,2146
-1,888003,4220,2151
-1,888003,4221,2168
-1,888003,4222,2188
-1,888003,4223,2078
-1,888003,4224,2085
-1,888003,4225,2140
-1,888003,4226,2125
-1,888003,4227,2172
-1,888003,4228,2243
-1,888003,4229,2177
-1,888003,4230,2212
-1,888003,4231,2193
-1,888003,4232,2115
-1,888003,4233,2191
-1,888003,4234,2119
-1,888003,4235,2209
-1,888003,4236,2172
-1,888003,4237,2097
-1,888003,4238,2183
-1,888003,4239,2140
-1,888003,4240,2147
-1,888003,4241,2149
-1,888003,4242,2211
-1,888003,4243,2135
-1,888003,4244,2181
-1,888003,4245,2146
-1,888003,4246,2166
-1,888003,4247,2225
-1,888003,4248,2137
-1,888003,4249,2185
-1,888003,4250,2226
-1,888003,4251,2210
-1,888003,4252,2157
-1,888003,4253,2180
-1,888003,4254,2214
-1,888003,4255,2208
-1,888003,4256,2207
-1,888003,4257,2169
-1,888003,4258,2131
-1,888003,4259,2138
-1,888003,4260,2214
-1,888003,4261,2141
-1,888003,4262,2195
-1,888003,4263,2102
-1,888003,4264,2127
-1,888003,4265,2221
-1,888003,4266,2141
-1,888003,4267,2112
-1,888003,4268,2111
-1,888003,4269,2096
-1,888003,4270,2216
-1,888003,4271,2142
-1,888003,4272,2162
-1,888003,4273,2120
-1,888003,4274,2136
-1,888003,4275,2125
-1,888003,4276,2147
-1,888003,4277,2206
-1,888003,4278,2163
-1,888003,4279,2252
-1,888003,4280,2224
-1,888003,4281,2102
-1,888003,4282,2223
-1,888003,4283,2186
-1,888003,4284,2179
-1,888003,4285,2202
-1,888003,4286,2085
-1,888003,4287,2115
-1,888003,4288,2235
-1,888003,4289,2139
-1,888003,4290,2115
-1,888003,4291,2145
-1,888003,4292,2260
-1,888003,4293,2088
-1,888003,4294,2133
-1,888003,4295,2255
-1,888003,4296,2217
-1,888003,4297,2173
-1,888003,4298,2167
-1,888003,4299,2157
-1,888003,4300,2187
-1,888003,4301,2132
-1,888003,4302,2157
-1,888003,4303,2073
-1,888003,4304,2223
-1,888003,4305,2132
-1,888003,4306,2105
-1,888003,4307,2244
-1,888003,4308,2271
-1,888003,4309,2253
-1,888003,4310,2118
-1,888003,4311,2247
-1,888003,4312,2241
-1,888003,4313,2194
-1,888003,4314,2207
-1,888003,4315,2143
-1,888003,4316,2194
-1,888003,4317,2124
-1,888003,4318,2181
-1,888003,4319,2175
-1,888003,4320,2223
-1,888003,4321,2118
-1,888003,4322,2110
-1,888003,4323,2162
-1,888003,4324,2194
-1,888003,4325,2173
-1,888003,4326,2108
-1,888003,4327,2191
-1,888003,4328,2183
-1,888003,4329,2183
-1,888003,4330,2241
-1,888003,4331,2167
-1,888003,4332,2157
-1,888003,4333,2134
-1,888003,4334,2176
-1,888003,4335,2174
-1,888003,4336,2132
-1,888003,4337,2193
-1,888003,4338,2243
-1,888003,4339,2206
-1,888003,4340,2155
-1,888003,4341,2112
-1,888003,4342,2156
-1,888003,4343,2164
-1,888003,4344,2208
-1,888003,4345,2100
-1,888003,4346,2205
-1,888003,4347,2180
-1,888003,4348,2163
-1,888003,4349,2166
-1,888003,4350,2201
-1,888003,4351,2159
-1,888003,4352,2163
-1,888003,4353,2133
-1,888003,4354,2211
-1,888003,4355,2235
-1,888003,4356,2122
-1,888003,4357,2167
-1,888003,4358,2144
-1,888003,4359,2161
-1,888003,4360,2181
-1,888003,4361,2237
-1,888003,4362,2114
-1,888003,4363,2197
-1,888003,4364,2204
-1,888003,4365,2138
-1,888003,4366,2182
-1,888003,4367,2235
-1,888003,4368,2206
-1,888003,4369,2182
-1,888003,4370,2093
-1,888003,4371,2150
-1,888003,4372,2096
-1,888003,4373,2192
-1,888003,4374,2167
-1,888003,4375,2129
-1,888003,4376,2186
-1,888003,4377,2255
-1,888003,4378,2169
-1,888003,4379,2159
-1,888003,4380,2291
-1,888003,4381,2209
-1,888003,4382,2255
-1,888003,4383,2172
-1,888003,4384,2185
-1,888003,4385,2163
-1,888003,4386,2199
-1,888003,4387,2210
-1,888003,4388,2163
-1,888003,4389,2190
-1,888003,4390,2147
-1,888003,4391,2047
-1,888003,4392,2105
-1,888003,4393,2108
-1,888003,4394,2269
-1,888003,4395,2182
-1,888003,4396,2182
-1,888003,4397,2099
-1,888003,4398,2158
-1,888003,4399,2134
-1,888003,4400,2147
-1,888003,4401,2165
-1,888003,4402,2141
-1,888003,4403,2141
-1,888003,4404,2221
-1,888003,4405,2258
-1,888003,4406,2250
-1,888003,4407,2203
-1,888003,4408,2200
-1,888003,4409,2160
-1,888003,4410,2180
-1,888003,4411,2130
-1,888003,4412,2140
-1,888003,4413,2119
-1,888003,4414,2259
-1,888003,4415,2233
-1,888003,4416,2138
-1,888003,4417,2114
-1,888003,4418,2133
-1,888003,4419,2204
-1,888003,4420,2172
-1,888003,4421,2182
-1,888003,4422,2141
-1,888003,4423,2171
-1,888003,4424,2204
-1,888003,4425,2169
-1,888003,4426,2168
-1,888003,4427,2077
-1,888003,4428,2171
-1,888003,4429,2135
-1,888003,4430,2088
-1,888003,4431,2139
-1,888003,4432,2158
-1,888003,4433,2117
-1,888003,4434,2192
-1,888003,4435,2154
-1,888003,4436,2187
-1,888003,4437,2087
-1,888003,4438,2176
-1,888003,4439,2042
-1,888003,4440,2248
-1,888003,4441,2126
-1,888003,4442,2172
-1,888003,4443,2178
-1,888003,4444,2204
-1,888003,4445,2189
-1,888003,4446,2198
-1,888003,4447,2217
-1,888003,4448,2236
-1,888003,4449,2200
-1,888003,4450,2168
-1,888003,4451,2165
-1,888003,4452,2135
-1,888003,4453,2136
-1,888003,4454,2188
-1,888003,4455,2211
-1,888003,4456,2112
-1,888003,4457,2094
-1,888003,4458,2163
-1,888003,4459,2201
-1,888003,4460,2053
-1,888003,4461,2169
-1,888003,4462,2245
-1,888003,4463,2109
-1,888003,4464,2208
-1,888003,4465,2040
-1,888003,4466,2142
-1,888003,4467,2250
-1,888003,4468,2164
-1,888003,4469,2114
-1,888003,4470,2252
-1,888003,4471,2201
-1,888003,4472,2218
-1,888003,4473,2191
-1,888003,4474,2207
-1,888003,4475,2161
-1,888003,4476,2140
-1,888003,4477,2180
-1,888003,4478,2192
-1,888003,4479,2176
-1,888003,4480,2160
-1,888003,4481,2150
-1,888003,4482,2224
-1,888003,4483,2215
-1,888003,4484,2171
-1,888003,4485,2100
-1,888003,4486,2204
-1,888003,4487,2231
-1,888003,4488,2268
-1,888003,4489,2242
-1,888003,4490,2277
-1,888003,4491,2213
-1,888003,4492,2144
-1,888003,4493,2164
-1,888003,4494,2156
-1,888003,4495,2211
-1,888003,4496,2173
-1,888003,4497,2128
-1,888003,4498,2229
-1,888003,4499,2219
-1,888003,4500,2162
-1,888003,4501,2108
-1,888003,4502,2215
-1,888003,4503,2138
-1,888003,4504,2189
-1,888003,4505,2127
-1,888003,4506,2109
-1,888003,4507,2163
-1,888003,4508,2177
-1,888003,4509,2204
-1,888003,4510,2131
-1,888003,4511,2157
-1,888003,4512,2195
-1,888003,4513,2052
-1,888003,4514,2225
-1,888003,4515,2165
-1,888003,4516,2207
-1,888003,4517,2171
-1,888003,4518,2169
-1,888003,4519,2161
-1,888003,4520,2163
-1,888003,4521,2206
-1,888003,4522,2221
-1,888003,4523,2155
-1,888003,4524,2170
-1,888003,4525,2137
-1,888003,4526,2217
-1,888003,4527,2155
-1,888003,4528,2139
-1,888003,4529,2151
-1,888003,4530,2154
-1,888003,4531,2137
-1,888003,4532,2120
-1,888003,4533,2155
-1,888003,4534,2227
-1,888003,4535,2234
-1,888003,4536,2227
-1,888003,4537,2159
-1,888003,4538,2138
-1,888003,4539,2110
-1,888003,4540,2151
-1,888003,4541,2113
-1,888003,4542,2171
-1,888003,4543,2204
-1,888003,4544,2136
-1,888003,4545,2097
-1,888003,4546,2130
-1,888003,4547,2121
-1,888003,4548,2092
-1,888003,4549,2109
-1,888003,4550,2173
-1,888003,4551,2211
-1,888003,4552,2144
-1,888003,4553,2180
-1,888003,4554,2203
-1,888003,4555,2115
-1,888003,4556,2184
-1,888003,4557,2183
-1,888003,4558,2081
-1,888003,4559,2157
-1,888003,4560,2223
-1,888003,4561,2168
-1,888003,4562,2053
-1,888003,4563,2129
-1,888003,4564,2191
-1,888003,4565,2153
-1,888003,4566,2219
-1,888003,4567,2214
-1,888003,4568,2133
-1,888003,4569,2200
-1,888003,4570,2194
-1,888003,4571,2173
-1,888003,4572,2121
-1,888003,4573,2193
-1,888003,4574,2099
-1,888003,4575,2269
-1,888003,4576,2133
-1,888003,4577,2192
-1,888003,4578,2178
-1,888003,4579,2212
-1,888003,4580,2105
-1,888003,4581,2158
-1,888003,4582,2215
-1,888003,4583,2170
-1,888003,4584,2149
-1,888003,4585,2220
-1,888003,4586,2214
-1,888003,4587,2150
-1,888003,4588,2170
-1,888003,4589,2156
-1,888003,4590,2141
-1,888003,4591,2207
-1,888003,4592,2247
-1,888003,4593,2231
-1,888003,4594,2142
-1,888003,4595,2258
-1,888003,4596,2100
-1,888003,4597,2174
-1,888003,4598,2147
-1,888003,4599,2142
-1,888003,4600,2214
-1,888003,4601,2231
-1,888003,4602,2163
-1,888003,4603,2163
-1,888003,4604,2179
-1,888003,4605,2320
-1,888003,4606,2135
-1,888003,4607,2237
-1,888003,4608,2149
-1,888003,4609,2251
-1,888003,4610,2135
-1,888003,4611,2191
-1,888003,4612,2173
-1,888003,4613,2088
-1,888003,4614,2151
-1,888003,4615,2192
-1,888003,4616,2092
-1,888003,4617,2297
-1,888003,4618,2171
-1,888003,4619,2167
-1,888003,4620,2186
-1,888003,4621,2073
-1,888003,4622,2144
-1,888003,4623,2119
-1,888003,4624,2178
-1,888003,4625,2121
-1,888003,4626,2153
-1,888003,4627,2111
-1,888003,4628,2107
-1,888003,4629,2215
-1,888003,4630,2095
-1,888003,4631,2131
-1,888003,4632,2124
-1,888003,4633,2147
-1,888003,4634,2197
-1,888003,4635,2133
-1,888003,4636,2187
-1,888003,4637,2174
-1,888003,4638,2102
-1,888003,4639,2119
-1,888003,4640,2217
-1,888003,4641,2195
-1,888003,4642,2191
-1,888003,4643,2118
-1,888003,4644,2125
-1,888003,4645,2240
-1,888003,4646,2181
-1,888003,4647,2185
-1,888003,4648,2126
-1,888003,4649,2190
-1,888003,4650,2158
-1,888003,4651,2122
-1,888003,4652,2086
-1,888003,4653,2193
-1,888003,4654,2126
-1,888003,4655,2231
-1,888003,4656,2188
-1,888003,4657,2166
-1,888003,4658,2279
-1,888003,4659,2094
-1,888003,4660,2160
-1,888003,4661,2122
-1,888003,4662,2190
-1,888003,4663,2246
-1,888003,4664,2118
-1,888003,4665,2117
-1,888003,4666,2252
-1,888003,4667,2137
-1,888003,4668,2162
-1,888003,4669,2185
-1,888003,4670,2141
-1,888003,4671,2184
-1,888003,4672,2121
-1,888003,4673,2098
-1,888003,4674,2059
-1,888003,4675,2218
-1,888003,4676,2088
-1,888003,4677,2170
-1,888003,4678,2120
-1,888003,4679,2135
-1,888003,4680,2212
-1,888003,4681,2095
-1,888003,4682,2221
-1,888003,4683,2111
-1,888003,4684,2171
-1,888003,4685,2136
-1,888003,4686,2217
-1,888003,4687,2191
-1,888003,4688,2170
-1,888003,4689,2107
-1,888003,4690,2213
-1,888003,4691,2154
-1,888003,4692,2129
-1,888003,4693,2112
-1,888003,4694,2213
-1,888003,4695,2218
-1,888003,4696,2101
-1,888003,4697,2143
-1,888003,4698,2154
-1,888003,4699,2208
-1,888003,4700,2213
-1,888003,4701,2143
-1,888003,4702,2135
-1,888003,4703,2129
-1,888003,4704,2239
-1,888003,4705,2243
-1,888003,4706,2107
-1,888003,4707,2178
-1,888003,4708,2188
-1,888003,4709,2086
-1,888003,4710,2087
-1,888003,4711,2168
-1,888003,4712,2129
-1,888003,4713,2184
-1,888003,4714,2203
-1,888003,4715,2164
-1,888003,4716,2223
-1,888003,4717,2188
-1,888003,4718,2163
-1,888003,4719,2155
-1,888003,4720,2119
-1,888003,4721,2175
-1,888003,4722,2034
-1,888003,4723,2060
-1,888003,4724,2278
-1,888003,4725,2214
-1,888003,4726,2209
-1,888003,4727,2151
-1,888003,4728,2075
-1,888003,4729,2219
-1,888003,4730,2205
-1,888003,4731,2169
-1,888003,4732,2188
-1,888003,4733,2177
-1,888003,4734,2226
-1,888003,4735,2200
-1,888003,4736,2173
-1,888003,4737,2201
-1,888003,4738,2204
-1,888003,4739,2219
-1,888003,4740,2151
-1,888003,4741,2184
-1,888003,4742,2147
-1,888003,4743,2162
-1,888003,4744,2202
-1,888003,4745,2147
-1,888003,4746,2142
-1,888003,4747,2131
-1,888003,4748,2137
-1,888003,4749,2081
-1,888003,4750,2179
-1,888003,4751,2049
-1,888003,4752,2186
-1,888003,4753,2185
-1,888003,4754,2178
-1,888003,4755,2134
-1,888003,4756,2063
-1,888003,4757,2145
-1,888003,4758,2161
-1,888003,4759,2274
-1,888003,4760,2146
-1,888003,4761,2155
-1,888003,4762,2197
-1,888003,4763,2113
-1,888003,4764,2241
-1,888003,4765,2159
-1,888003,4766,2121
-1,888003,4767,2160
-1,888003,4768,2172
-1,888003,4769,2144
-1,888003,4770,2196
-1,888003,4771,2167
-1,888003,4772,2241
-1,888003,4773,2217
-1,888003,4774,2188
-1,888003,4775,2255
-1,888003,4776,2180
-1,888003,4777,2170
-1,888003,4778,2123
-1,888003,4779,2164
-1,888003,4780,2093
-1,888003,4781,2187
-1,888003,4782,2083
-1,888003,4783,2167
-1,888003,4784,2135
-1,888003,4785,2127
-1,888003,4786,2147
-1,888003,4787,2197
-1,888003,4788,2054
-1,888003,4789,2178
-1,888003,4790,2119
-1,888003,4791,2147
-1,888003,4792,2128
-1,888003,4793,2204
-1,888003,4794,2171
-1,888003,4795,2205
-1,888003,4796,2123
-1,888003,4797,2170
-1,888003,4798,2121
-1,888003,4799,2107
-1,888003,4800,2220
-1,888003,4801,2171
-1,888003,4802,2220
-1,888003,4803,2142
-1,888003,4804,2207
-1,888003,4805,2142
-1,888003,4806,2188
-1,888003,4807,2142
-1,888003,4808,2126
-1,888003,4809,2221
-1,888003,4810,2217
-1,888003,4811,2161
-1,888003,4812,2179
-1,888003,4813,2240
-1,888003,4814,2200
-1,888003,4815,2229
-1,888003,4816,2128
-1,888003,4817,2201
-1,888003,4818,2222
-1,888003,4819,2146
-1,888003,4820,2228
-1,888003,4821,2191
-1,888003,4822,2158
-1,888003,4823,2170
-1,888003,4824,2193
-1,888003,4825,2145
-1,888003,4826,2186
-1,888003,4827,2174
-1,888003,4828,2235
-1,888003,4829,2218
-1,888003,4830,2189
-1,888003,4831,2213
-1,888003,4832,2080
-1,888003,4833,2148
-1,888003,4834,2207
-1,888003,4835,2211
-1,888003,4836,2116
-1,888003,4837,2193
-1,888003,4838,2152
-1,888003,4839,2205
-1,888003,4840,2163
-1,888003,4841,2177
-1,888003,4842,2134
-1,888003,4843,2210
-1,888003,4844,2062
-1,888003,4845,2181
-1,888003,4846,2159
-1,888003,4847,2265
-1,888003,4848,2138
-1,888003,4849,2092
-1,888003,4850,2151
-1,888003,4851,2076
-1,888003,4852,2258
-1,888003,4853,2152
-1,888003,4854,2238
-1,888003,4855,2131
-1,888003,4856,2206
-1,888003,4857,2202
-1,888003,4858,2197
-1,888003,4859,2227
-1,888003,4860,2122
-1,888003,4861,2189
-1,888003,4862,2105
-1,888003,4863,2231
-1,888003,4864,2214
-1,888003,4865,2198
-1,888003,4866,2150
-1,888003,4867,2223
-1,888003,4868,2175
-1,888003,4869,2152
-1,888003,4870,2119
-1,888003,4871,2198
-1,888003,4872,2191
-1,888003,4873,2119
-1,888003,4874,2112
-1,888003,4875,2201
-1,888003,4876,2207
-1,888003,4877,2165
-1,888003,4878,2119
-1,888003,4879,2135
-1,888003,4880,2225
-1,888003,4881,2078
-1,888003,4882,2183
-1,888003,4883,2281
-1,888003,4884,2171
-1,888003,4885,2206
-1,888003,4886,2113
-1,888003,4887,2154
-1,888003,4888,2145
-1,888003,4889,2221
-1,888003,4890,2149
-1,888003,4891,2120
-1,888003,4892,2171
-1,888003,4893,2130
-1,888003,4894,2166
-1,888003,4895,2141
-1,888003,4896,2232
-1,888003,4897,2142
-1,888003,4898,2115
-1,888003,4899,2286
-1,888003,4900,2090
-1,888003,4901,2212
-1,888003,4902,2199
-1,888003,4903,2206
-1,888003,4904,2174
-1,888003,4905,2130
-1,888003,4906,2214
-1,888003,4907,2179
-1,888003,4908,2125
-1,888003,4909,2128
-1,888003,4910,2135
-1,888003,4911,2098
-1,888003,4912,2219
-1,888003,4913,2115
-1,888003,4914,2090
-1,888003,4915,2085
-1,888003,4916,2192
-1,888003,4917,2198
-1,888003,4918,2229
-1,888003,4919,2189
-1,888003,4920,2168
-1,888003,4921,2132
-1,888003,4922,2098
-1,888003,4923,2120
-1,888003,4924,2129
-1,888003,4925,2127
-1,888003,4926,2165
-1,888003,4927,2194
-1,888003,4928,2193
-1,888003,4929,2256
-1,888003,4930,2212
-1,888003,4931,2137
-1,888003,4932,2113
-1,888003,4933,2146
-1,888003,4934,2142
-1,888003,4935,2152
-1,888003,4936,2192
-1,888003,4937,2138
-1,888003,4938,2149
-1,888003,4939,2186
-1,888003,4940,2215
-1,888003,4941,2173
-1,888003,4942,2153
-1,888003,4943,2114
-1,888003,4944,2206
-1,888003,4945,2252
-1,888003,4946,2176
-1,888003,4947,2189
-1,888003,4948,2192
-1,888003,4949,2213
-1,888003,4950,2212
-1,888003,4951,2208
-1,888003,4952,2162
-1,888003,4953,2193
-1,888003,4954,2072
-1,888003,4955,2180
-1,888003,4956,2112
-1,888003,4957,2177
-1,888003,4958,2128
-1,888003,4959,2169
-1,888003,4960,2209
-1,888003,4961,2149
-1,888003,4962,2165
-1,888003,4963,2197
-1,888003,4964,2119
-1,888003,4965,2157
-1,888003,4966,2141
-1,888003,4967,2144
-1,888003,4968,2138
-1,888003,4969,2166
-1,888003,4970,2128
-1,888003,4971,2126
-1,888003,4972,2222
-1,888003,4973,2096
-1,888003,4974,2192
-1,888003,4975,2199
-1,888003,4976,2199
-1,888003,4977,2152
-1,888003,4978,2157
-1,888003,4979,2179
-1,888003,4980,2120
-1,888003,4981,2221
-1,888003,4982,2215
-1,888003,4983,2136
-1,888003,4984,2148
-1,888003,4985,2214
-1,888003,4986,2133
-1,888003,4987,2149
-1,888003,4988,2117
-1,888003,4989,2156
-1,888003,4990,2186
-1,888003,4991,2117
-1,888003,4992,2165
-1,888003,4993,2108
-1,888003,4994,2161
-1,888003,4995,2206
-1,888003,4996,2169
-1,888003,4997,2199
-1,888003,4998,2165
-1,888003,4999,2136
-1,888003,5000,2205
-1,888003,5001,2225
-1,888003,5002,2112
-1,888003,5003,2128
-1,888003,5004,2218
-1,888003,5005,2155
-1,888003,5006,2203
-1,888003,5007,2237
-1,888003,5008,2107
-1,888003,5009,2210
-1,888003,5010,2133
-1,888003,5011,2186
-1,888003,5012,2196
-1,888003,5013,2208
-1,888003,5014,2154
-1,888003,5015,2186
-1,888003,5016,2167
-1,888003,5017,2133
-1,888003,5018,2237
-1,888003,5019,2149
-1,888003,5020,2173
-1,888003,5021,2144
-1,888003,5022,2180
-1,888003,5023,2207
-1,888003,5024,2138
-1,888003,5025,2174
-1,888003,5026,2084
-1,888003,5027,2143
-1,888003,5028,2229
-1,888003,5029,2134
-1,888003,5030,2082
-1,888003,5031,2159
-1,888003,5032,2183
-1,888003,5033,2131
-1,888003,5034,2309
-1,888003,5035,2174
-1,888003,5036,2131
-1,888003,5037,2222
-1,888003,5038,2153
-1,888003,5039,2244
-1,888003,5040,2107
-1,888003,5041,2164
-1,888003,5042,2162
-1,888003,5043,2220
-1,888003,5044,2139
-1,888003,5045,2144
-1,888003,5046,2111
-1,888003,5047,2137
-1,888003,5048,2156
-1,888003,5049,2181
-1,888003,5050,2165
-1,888003,5051,2116
-1,888003,5052,2251
-1,888003,5053,2175
-1,888003,5054,2091
-1,888003,5055,2141
-1,888003,5056,2131
-1,888003,5057,2130
-1,888003,5058,2140
-1,888003,5059,2130
-1,888003,5060,2148
-1,888003,5061,2119
-1,888003,5062,2257
-1,888003,5063,2128
-1,888003,5064,2182
-1,888003,5065,2224
-1,888003,5066,2195
-1,888003,5067,2237
-1,888003,5068,2108
-1,888003,5069,2084
-1,888003,5070,2247
-1,888003,5071,2055
-1,888003,5072,2092
-1,888003,5073,2164
-1,888003,5074,2086
-1,888003,5075,2234
-1,888003,5076,2104
-1,888003,5077,2167
-1,888003,5078,2111
-1,888003,5079,2157
-1,888003,5080,2069
-1,888003,5081,2231
-1,888003,5082,2147
-1,888003,5083,2214
-1,888003,5084,2205
-1,888003,5085,2166
-1,888003,5086,2132
-1,888003,5087,2145
-1,888003,5088,2205
-1,888003,5089,2184
-1,888003,5090,2134
-1,888003,5091,2112
-1,888003,5092,2169
-1,888003,5093,2218
-1,888003,5094,2163
-1,888003,5095,2171
-1,888003,5096,2204
-1,888003,5097,2208
-1,888003,5098,2198
-1,888003,5099,2226
-1,888003,5100,2150
-1,888003,5101,2030
-1,888003,5102,2126
-1,888003,5103,2156
-1,888003,5104,2076
-1,888003,5105,2150
-1,888003,5106,2091
-1,888003,5107,2129
-1,888003,5108,2298
-1,888003,5109,2118
-1,888003,5110,2292
-1,888003,5111,2179
-1,888003,5112,2215
-1,888003,5113,2154
-1,888003,5114,2113
-1,888003,5115,2054
-1,888003,5116,2168
-1,888003,5117,2129
-1,888003,5118,2214
-1,888003,5119,2198
-1,888003,5120,2162
-1,888003,5121,2168
-1,888003,5122,2104
-1,888003,5123,2095
-1,888003,5124,2292
-1,888003,5125,2161
-1,888003,5126,2136
-1,888003,5127,2130
-1,888003,5128,2129
-1,888003,5129,2140
-1,888003,5130,2182
-1,888003,5131,2168
-1,888003,5132,2184
-1,888003,5133,2122
-1,888003,5134,2161
-1,888003,5135,2053
-1,888003,5136,2148
-1,888003,5137,2155
-1,888003,5138,2174
-1,888003,5139,2147
-1,888003,5140,2091
-1,888003,5141,2143
-1,888003,5142,2206
-1,888003,5143,2170
-1,888003,5144,2126
-1,888003,5145,2086
-1,888003,5146,2135
-1,888003,5147,2130
-1,888003,5148,2199
-1,888003,5149,2163
-1,888003,5150,2112
-1,888003,5151,2167
-1,888003,5152,2122
-1,888003,5153,2183
-1,888003,5154,2116
-1,888003,5155,2148
-1,888003,5156,2227
-1,888003,5157,2130
-1,888003,5158,2154
-1,888003,5159,2182
-1,888003,5160,2149
-1,888003,5161,2282
-1,888003,5162,2116
-1,888003,5163,2212
-1,888003,5164,2182
-1,888003,5165,2165
-1,888003,5166,2230
-1,888003,5167,2169
-1,888003,5168,2188
-1,888003,5169,2218
-1,888003,5170,2098
-1,888003,5171,2167
-1,888003,5172,2168
-1,888003,5173,2202
-1,888003,5174,2132
-1,888003,5175,2159
-1,888003,5176,2243
-1,888003,5177,2167
-1,888003,5178,2174
-1,888003,5179,2206
-1,888003,5180,2189
-1,888003,5181,2266
-1,888003,5182,2158
-1,888003,5183,2143
-1,888003,5184,2049
-1,888003,5185,2186
-1,888003,5186,2152
-1,888003,5187,2193
-1,888003,5188,2271
-1,888003,5189,2188
-1,888003,5190,2182
-1,888003,5191,2248
-1,888003,5192,2115
-1,888003,5193,2121
-1,888003,5194,2133
-1,888003,5195,2127
-1,888003,5196,2092
-1,888003,5197,2177
-1,888003,5198,2212
-1,888003,5199,2199
-1,888003,5200,2022
-1,888003,5201,2171
-1,888003,5202,2199
-1,888003,5203,2138
-1,888003,5204,2166
-1,888003,5205,2175
-1,888003,5206,2237
-1,888003,5207,2186
-1,888003,5208,2206
-1,888003,5209,2140
-1,888003,5210,2142
-1,888003,5211,2147
-1,888003,5212,2138
-1,888003,5213,2145
-1,888003,5214,2212
-1,888003,5215,2173
-1,888003,5216,2204
-1,888003,5217,2079
-1,888003,5218,2168
-1,888003,5219,2101
-1,888003,5220,2103
-1,888003,5221,2075
-1,888003,5222,2223
-1,888003,5223,2231
-1,888003,5224,2207
-1,888003,5225,2160
-1,888003,5226,2206
-1,888003,5227,2184
-1,888003,5228,2178
-1,888003,5229,2195
-1,888003,5230,2116
-1,888003,5231,2113
-1,888003,5232,2210
-1,888003,5233,2074
-1,888003,5234,2113
-1,888003,5235,2167
-1,888003,5236,2191
-1,888003,5237,2254
-1,888003,5238,2151
-1,888003,5239,2106
-1,888003,5240,2169
-1,888003,5241,2047
-1,888003,5242,2298
-1,888003,5243,2180
-1,888003,5244,2201
-1,888003,5245,2118
-1,888003,5246,2143
-1,888003,5247,2128
-1,888003,5248,2167
-1,888003,5249,2123
-1,888003,5250,2160
-1,888003,5251,2141
-1,888003,5252,2184
-1,888003,5253,2199
-1,888003,5254,2199
-1,888003,5255,2192
-1,888003,5256,2227
-1,888003,5257,2222
-1,888003,5258,2145
-1,888003,5259,2256
-1,888003,5260,2102
-1,888003,5261,2150
-1,888003,5262,2294
-1,888003,5263,2165
-1,888003,5264,2139
-1,888003,5265,2166
-1,888003,5266,2114
-1,888003,5267,2095
-1,888003,5268,2099
-1,888003,5269,2188
-1,888003,5270,2207
-1,888003,5271,2189
-1,888003,5272,2163
-1,888003,5273,2285
-1,888003,5274,2174
-1,888003,5275,2187
-1,888003,5276,2082
-1,888003,5277,2138
-1,888003,5278,2212
-1,888003,5279,2215
-1,888003,5280,2180
-1,888003,5281,2129
-1,888003,5282,2166
-1,888003,5283,2288
-1,888003,5284,2159
-1,888003,5285,2154
-1,888003,5286,2152
-1,888003,5287,2223
-1,888003,5288,2161
-1,888003,5289,2167
-1,888003,5290,2214
-1,888003,5291,2187
-1,888003,5292,2178
-1,888003,5293,2174
-1,888003,5294,2256
-1,888003,5295,2148
-1,888003,5296,2137
-1,888003,5297,2246
-1,888003,5298,2156
-1,888003,5299,2134
-1,888003,5300,2107
-1,888003,5301,2225
-1,888003,5302,2068
-1,888003,5303,2180
-1,888003,5304,2140
-1,888003,5305,2213
-1,888003,5306,2204
-1,888003,5307,2159
-1,888003,5308,2211
-1,888003,5309,2203
-1,888003,5310,2066
-1,888003,5311,2128
-1,888003,5312,2158
-1,888003,5313,2217
-1,888003,5314,2146
-1,888003,5315,2175
-1,888003,5316,2093
-1,888003,5317,2128
-1,888003,5318,2165
-1,888003,5319,2194
-1,888003,5320,2175
-1,888003,5321,2156
-1,888003,5322,2260
-1,888003,5323,2105
-1,888003,5324,2173
-1,888003,5325,2168
-1,888003,5326,2146
-1,888003,5327,2187
-1,888003,5328,2215
-1,888003,5329,2301
-1,888003,5330,2204
-1,888003,5331,2141
-1,888003,5332,2257
-1,888003,5333,2258
-1,888003,5334,2189
-1,888003,5335,2222
-1,888003,5336,2195
-1,888003,5337,2134
-1,888003,5338,2146
-1,888003,5339,2221
-1,888003,5340,2166
-1,888003,5341,2229
-1,888003,5342,2159
-1,888003,5343,2110
-1,888003,5344,2153
-1,888003,5345,2296
-1,888003,5346,2182
-1,888003,5347,2162
-1,888003,5348,2180
-1,888003,5349,2234
-1,888003,5350,2244
-1,888003,5351,2160
-1,888003,5352,2083
-1,888003,5353,2113
-1,888003,5354,2134
-1,888003,5355,2212
-1,888003,5356,2130
-1,888003,5357,2102
-1,888003,5358,2173
-1,888003,5359,2150
-1,888003,5360,2201
-1,888003,5361,2219
-1,888003,5362,2139
-1,888003,5363,2085
-1,888003,5364,2120
-1,888003,5365,2113
-1,888003,5366,2212
-1,888003,5367,2137
-1,888003,5368,2161
-1,888003,5369,2112
-1,888003,5370,2099
-1,888003,5371,2241
-1,888003,5372,2164
-1,888003,5373,2228
-1,888003,5374,2132
-1,888003,5375,2140
-1,888003,5376,2144
-1,888003,5377,2220
-1,888003,5378,2115
-1,888003,5379,2151
-1,888003,5380,2094
-1,888003,5381,2228
-1,888003,5382,2101
-1,888003,5383,2183
-1,888003,5384,2090
-1,888003,5385,2212
-1,888003,5386,2160
-1,888003,5387,2078
-1,888003,5388,2173
-1,888003,5389,2211
-1,888003,5390,2129
-1,888003,5391,2179
-1,888003,5392,2204
-1,888003,5393,2156
-1,888003,5394,2112
-1,888003,5395,2148
-1,888003,5396,2059
-1,888003,5397,2165
-1,888003,5398,2115
-1,888003,5399,2201
-1,888003,5400,2117
-1,888003,5401,2139
-1,888003,5402,2145
-1,888003,5403,2263
-1,888003,5404,2183
-1,888003,5405,2057
-1,888003,5406,2055
-1,888003,5407,2186
-1,888003,5408,2175
-1,888003,5409,2141
-1,888003,5410,2198
-1,888003,5411,2163
-1,888003,5412,2124
-1,888003,5413,2175
-1,888003,5414,2163
-1,888003,5415,2179
-1,888003,5416,2131
-1,888003,5417,2137
-1,888003,5418,2186
-1,888003,5419,2093
-1,888003,5420,2160
-1,888003,5421,2185
-1,888003,5422,2147
-1,888003,5423,2159
-1,888003,5424,2197
-1,888003,5425,2172
-1,888003,5426,2213
-1,888003,5427,2156
-1,888003,5428,2197
-1,888003,5429,2158
-1,888003,5430,2254
-1,888003,5431,2113
-1,888003,5432,2183
-1,888003,5433,2159
-1,888003,5434,2141
-1,888003,5435,2244
-1,888003,5436,2156
-1,888003,5437,2170
-1,888003,5438,2170
-1,888003,5439,2141
-1,888003,5440,2079
-1,888003,5441,2212
-1,888003,5442,2227
-1,888003,5443,2160
-1,888003,5444,2086
-1,888003,5445,2122
-1,888003,5446,2096
-1,888003,5447,2135
-1,888003,5448,2174
-1,888003,5449,2145
-1,888003,5450,2119
-1,888003,5451,2110
-1,888003,5452,2209
-1,888003,5453,2150
-1,888003,5454,2197
-1,888003,5455,2148
-1,888003,5456,2141
-1,888003,5457,2142
-1,888003,5458,2126
-1,888003,5459,2136
-1,888003,5460,2185
-1,888003,5461,2151
-1,888003,5462,2129
-1,888003,5463,2122
-1,888003,5464,2274
-1,888003,5465,2300
-1,888003,5466,2159
-1,888003,5467,2241
-1,888003,5468,2224
-1,888003,5469,2188
-1,888003,5470,2042
-1,888003,5471,2107
-1,888003,5472,2206
-1,888003,5473,2198
-1,888003,5474,2146
-1,888003,5475,2106
-1,888003,5476,2215
-1,888003,5477,2250
-1,888003,5478,2110
-1,888003,5479,2145
-1,888003,5480,2215
-1,888003,5481,2213
-1,888003,5482,2124
-1,888003,5483,2089
-1,888003,5484,2199
-1,888003,5485,2131
-1,888003,5486,2052
-1,888003,5487,2259
-1,888003,5488,2183
-1,888003,5489,2096
-1,888003,5490,2268
-1,888003,5491,2070
-1,888003,5492,2220
-1,888003,5493,2152
-1,888003,5494,2222
-1,888003,5495,2180
-1,888003,5496,2148
-1,888003,5497,2183
-1,888003,5498,2173
-1,888003,5499,2190
-1,888003,5500,2206
-1,888003,5501,2233
-1,888003,5502,2214
-1,888003,5503,2177
-1,888003,5504,2219
-1,888003,5505,2174
-1,888003,5506,2146
-1,888003,5507,2197
-1,888003,5508,2164
-1,888003,5509,2152
-1,888003,5510,2140
-1,888003,5511,2201
-1,888003,5512,2207
-1,888003,5513,2191
-1,888003,5514,2175
-1,888003,5515,2272
-1,888003,5516,2295
-1,888003,5517,2153
-1,888003,5518,2129
-1,888003,5519,2173
-1,888003,5520,2157
-1,888003,5521,2162
-1,888003,5522,2190
-1,888003,5523,2236
-1,888003,5524,2081
-1,888003,5525,2169
-1,888003,5526,2130
-1,888003,5527,2249
-1,888003,5528,2114
-1,888003,5529,2219
-1,888003,5530,2230
-1,888003,5531,2172
-1,888003,5532,2104
-1,888003,5533,2150
-1,888003,5534,2147
-1,888003,5535,2257
-1,888003,5536,2220
-1,888003,5537,2172
-1,888003,5538,2122
-1,888003,5539,2106
-1,888003,5540,2176
-1,888003,5541,2185
-1,888003,5542,2171
-1,888003,5543,2100
-1,888003,5544,2076
-1,888003,5545,2120
-1,888003,5546,2161
-1,888003,5547,2206
-1,888003,5548,2225
-1,888003,5549,2210
-1,888003,5550,2153
-1,888003,5551,2162
-1,888003,5552,2205
-1,888003,5553,2206
-1,888003,5554,2129
-1,888003,5555,2194
-1,888003,5556,2172
-1,888003,5557,2187
-1,888003,5558,2285
-1,888003,5559,2209
-1,888003,5560,2177
-1,888003,5561,2220
-1,888003,5562,2164
-1,888003,5563,2175
-1,888003,5564,2159
-1,888003,5565,2168
-1,888003,5566,2231
-1,888003,5567,2136
-1,888003,5568,2185
-1,888003,5569,2314
-1,888003,5570,2148
-1,888003,5571,2212
-1,888003,5572,2198
-1,888003,5573,2242
-1,888003,5574,2191
-1,888003,5575,2171
-1,888003,5576,2217
-1,888003,5577,2137
-1,888003,5578,2143
-1,888003,5579,2080
-1,888003,5580,2119
-1,888003,5581,2135
-1,888003,5582,2204
-1,888003,5583,2167
-1,888003,5584,2224
-1,888003,5585,2187
-1,888003,5586,2011
-1,888003,5587,2102
-1,888003,5588,2196
-1,888003,5589,2146
-1,888003,5590,2187
-1,888003,5591,2121
-1,888003,5592,2106
-1,888003,5593,2164
-1,888003,5594,2235
-1,888003,5595,2193
-1,888003,5596,2179
-1,888003,5597,2098
-1,888003,5598,2104
-1,888003,5599,2061
-1,888003,5600,2158
-1,888003,5601,2223
-1,888003,5602,2170
-1,888003,5603,2164
-1,888003,5604,2120
-1,888003,5605,2173
-1,888003,5606,2207
-1,888003,5607,2132
-1,888003,5608,2225
-1,888003,5609,2214
-1,888003,5610,2097
-1,888003,5611,2120
-1,888003,5612,2138
-1,888003,5613,2220
-1,888003,5614,2158
-1,888003,5615,2168
-1,888003,5616,2249
-1,888003,5617,2188
-1,888003,5618,2085
-1,888003,5619,2152
-1,888003,5620,2127
-1,888003,5621,2092
-1,888003,5622,2112
-1,888003,5623,2304
-1,888003,5624,2160
-1,888003,5625,2151
-1,888003,5626,2168
-1,888003,5627,2258
-1,888003,5628,2176
-1,888003,5629,2170
-1,888003,5630,2115
-1,888003,5631,2124
-1,888003,5632,2190
-1,888003,5633,2182
-1,888003,5634,2177
-1,888003,5635,2178
-1,888003,5636,2102
-1,888003,5637,2139
-1,888003,5638,2106
-1,888003,5639,2174
-1,888003,5640,2117
-1,888003,5641,2186
-1,888003,5642,2108
-1,888003,5643,2140
-1,888003,5644,2186
-1,888003,5645,2183
-1,888003,5646,2266
-1,888003,5647,2158
-1,888003,5648,2159
-1,888003,5649,2247
-1,888003,5650,2133
-1,888003,5651,2239
-1,888003,5652,2129
-1,888003,5653,2156
-1,888003,5654,2092
-1,888003,5655,2072
-1,888003,5656,2164
-1,888003,5657,2169
-1,888003,5658,2186
-1,888003,5659,2157
-1,888003,5660,2086
-1,888003,5661,2181
-1,888003,5662,2128
-1,888003,5663,2209
-1,888003,5664,2085
-1,888003,5665,2114
-1,888003,5666,2264
-1,888003,5667,2083
-1,888003,5668,2198
-1,888003,5669,2199
-1,888003,5670,2190
-1,888003,5671,2144
-1,888003,5672,2183
-1,888003,5673,2105
-1,888003,5674,2189
-1,888003,5675,2177
-1,888003,5676,2089
-1,888003,5677,2150
-1,888003,5678,2225
-1,888003,5679,2132
-1,888003,5680,2151
-1,888003,5681,2126
-1,888003,5682,2100
-1,888003,5683,2207
-1,888003,5684,2196
-1,888003,5685,2129
-1,888003,5686,2208
-1,888003,5687,2141
-1,888003,5688,2179
-1,888003,5689,2155
-1,888003,5690,2146
-1,888003,5691,2196
-1,888003,5692,2165
-1,888003,5693,2260
-1,888003,5694,2183
-1,888003,5695,2144
-1,888003,5696,2179
-1,888003,5697,2152
-1,888003,5698,2189
-1,888003,5699,2239
-1,888003,5700,2336
-1,888003,5701,2251
-1,888003,5702,2173
-1,888003,5703,2187
-1,888003,5704,2173
-1,888003,5705,2189
-1,888003,5706,2233
-1,888003,5707,2134
-1,888003,5708,2192
-1,888003,5709,2187
-1,888003,5710,2227
-1,888003,5711,2183
-1,888003,5712,2157
-1,888003,5713,2143
-1,888003,5714,2166
-1,888003,5715,2160
-1,888003,5716,2135
-1,888003,5717,2246
-1,888003,5718,2230
-1,888003,5719,2133
-1,888003,5720,2136
-1,888003,5721,2186
-1,888003,5722,2143
-1,888003,5723,2160
-1,888003,5724,2211
-1,888003,5725,2140
-1,888003,5726,2160
-1,888003,5727,2124
-1,888003,5728,2143
-1,888003,5729,2222
-1,888003,5730,2144
-1,888003,5731,2142
-1,888003,5732,2141
-1,888003,5733,2178
-1,888003,5734,2143
-1,888003,5735,2128
-1,888003,5736,2123
-1,888003,5737,2201
-1,888003,5738,2289
-1,888003,5739,2084
-1,888003,5740,2230
-1,888003,5741,2178
-1,888003,5742,2165
-1,888003,5743,2190
-1,888003,5744,2153
-1,888003,5745,2105
-1,888003,5746,2201
-1,888003,5747,2157
-1,888003,5748,2139
-1,888003,5749,2147
-1,888003,5750,2126
-1,888003,5751,2213
-1,888003,5752,2125
-1,888003,5753,2168
-1,888003,5754,2185
-1,888003,5755,2184
-1,888003,5756,2216
-1,888003,5757,2058
-1,888003,5758,2228
-1,888003,5759,2221
-1,888003,5760,2207
-1,888003,5761,2233
-1,888003,5762,2193
-1,888003,5763,2110
-1,888003,5764,2129
-1,888003,5765,2197
-1,888003,5766,2195
-1,888003,5767,2127
-1,888003,5768,2150
-1,888003,5769,2088
-1,888003,5770,2225
-1,888003,5771,2136
-1,888003,5772,2187
-1,888003,5773,2161
-1,888003,5774,2209
-1,888003,5775,2227
-1,888003,5776,2251
-1,888003,5777,2170
-1,888003,5778,2151
-1,888003,5779,2202
-1,888003,5780,2050
-1,888003,5781,2266
-1,888003,5782,2217
-1,888003,5783,2193
-1,888003,5784,2198
-1,888003,5785,2168
-1,888003,5786,2160
-1,888003,5787,2234
-1,888003,5788,2167
-1,888003,5789,2187
-1,888003,5790,2158
-1,888003,5791,2261
-1,888003,5792,2098
-1,888003,5793,2130
-1,888003,5794,2222
-1,888003,5795,2200
-1,888003,5796,2213
-1,888003,5797,2167
-1,888003,5798,2126
-1,888003,5799,2112
-1,888003,5800,2150
-1,888003,5801,2196
-1,888003,5802,2174
-1,888003,5803,2130
-1,888003,5804,2206
-1,888003,5805,2111
-1,888003,5806,2240
-1,888003,5807,2199
-1,888003,5808,2173
-1,888003,5809,2124
-1,888003,5810,2124
-1,888003,5811,2127
-1,888003,5812,2133
-1,888003,5813,2108
-1,888003,5814,2220
-1,888003,5815,2202
-1,888003,5816,2236
-1,888003,5817,2132
-1,888003,5818,2116
-1,888003,5819,2188
-1,888003,5820,2174
-1,888003,5821,2260
-1,888003,5822,2194
-1,888003,5823,2140
-1,888003,5824,2139
-1,888003,5825,2268
-1,888003,5826,2215
-1,888003,5827,2140
-1,888003,5828,2163
-1,888003,5829,2113
-1,888003,5830,2092
-1,888003,5831,2201
-1,888003,5832,2267
-1,888003,5833,2169
-1,888003,5834,2154
-1,888003,5835,2172
-1,888003,5836,2119
-1,888003,5837,2155
-1,888003,5838,2153
-1,888003,5839,2218
-1,888003,5840,2096
-1,888003,5841,2275
-1,888003,5842,2157
-1,888003,5843,2207
-1,888003,5844,2114
-1,888003,5845,2102
-1,888003,5846,2187
-1,888003,5847,2139
-1,888003,5848,2154
-1,888003,5849,2132
-1,888003,5850,2160
-1,888003,5851,2203
-1,888003,5852,2236
-1,888003,5853,2218
-1,888003,5854,2182
-1,888003,5855,2150
-1,888003,5856,2174
-1,888003,5857,2122
-1,888003,5858,2194
-1,888003,5859,2134
-1,888003,5860,2182
-1,888003,5861,2170
-1,888003,5862,2085
-1,888003,5863,2139
-1,888003,5864,2218
-1,888003,5865,2104
-1,888003,5866,2173
-1,888003,5867,2200
-1,888003,5868,2217
-1,888003,5869,2171
-1,888003,5870,2205
-1,888003,5871,2087
-1,888003,5872,2158
-1,888003,5873,2212
-1,888003,5874,2232
-1,888003,5875,2088
-1,888003,5876,2147
-1,888003,5877,2121
-1,888003,5878,2092
-1,888003,5879,2199
-1,888003,5880,2170
-1,888003,5881,2158
-1,888003,5882,2190
-1,888003,5883,2142
-1,888003,5884,2226
-1,888003,5885,2146
-1,888003,5886,2153
-1,888003,5887,2154
-1,888003,5888,2225
-1,888003,5889,2174
-1,888003,5890,2200
-1,888003,5891,2159
-1,888003,5892,2159
-1,888003,5893,2094
-1,888003,5894,2175
-1,888003,5895,2129
-1,888003,5896,2124
-1,888003,5897,2105
-1,888003,5898,2054
-1,888003,5899,2130
-1,888003,5900,2217
-1,888003,5901,2255
-1,888003,5902,2251
-1,888003,5903,2193
-1,888003,5904,2205
-1,888003,5905,2206
-1,888003,5906,2149
-1,888003,5907,2256
-1,888003,5908,2124
-1,888003,5909,2168
-1,888003,5910,2204
-1,888003,5911,2133
-1,888003,5912,2217
-1,888003,5913,2138
-1,888003,5914,2053
-1,888003,5915,2193
-1,888003,5916,2260
-1,888003,5917,2181
-1,888003,5918,2201
-1,888003,5919,2183
-1,888003,5920,2180
-1,888003,5921,2150
-1,888003,5922,2126
-1,888003,5923,2183
-1,888003,5924,2226
-1,888003,5925,2127
-1,888003,5926,2201
-1,888003,5927,2014
-1,888003,5928,2129
-1,888003,5929,2179
-1,888003,5930,2175
-1,888003,5931,2110
-1,888003,5932,2146
-1,888003,5933,2169
-1,888003,5934,2192
-1,888003,5935,2239
-1,888003,5936,2122
-1,888003,5937,2167
-1,888003,5938,2190
-1,888003,5939,2154
-1,888003,5940,2167
-1,888003,5941,2153
-1,888003,5942,2120
-1,888003,5943,2126
-1,888003,5944,2180
-1,888003,5945,2196
-1,888003,5946,2172
-1,888003,5947,2190
-1,888003,5948,2149
-1,888003,5949,2183
-1,888003,5950,2075
-1,888003,5951,2137
-1,888003,5952,2218
-1,888003,5953,2186
-1,888003,5954,2098
-1,888003,5955,2232
-1,888003,5956,2157
-1,888003,5957,2293
-1,888003,5958,2228
-1,888003,5959,2144
-1,888003,5960,2194
-1,888003,5961,2162
-1,888003,5962,2198
-1,888003,5963,2153
-1,888003,5964,2196
-1,888003,5965,2096
-1,888003,5966,2125
-1,888003,5967,2173
-1,888003,5968,2131
-1,888003,5969,2194
-1,888003,5970,2130
-1,888003,5971,2156
-1,888003,5972,2194
-1,888003,5973,2155
-1,888003,5974,2126
-1,888003,5975,2218
-1,888003,5976,2124
-1,888003,5977,2189
-1,888003,5978,2166
-1,888003,5979,2147
-1,888003,5980,2102
-1,888003,5981,2225
-1,888003,5982,2098
-1,888003,5983,2194
-1,888003,5984,2075
-1,888003,5985,2221
-1,888003,5986,2169
-1,888003,5987,2193
-1,888003,5988,2219
-1,888003,5989,2196
-1,888003,5990,2115
-1,888003,5991,2089
-1,888003,5992,2105
-1,888003,5993,2180
-1,888003,5994,2188
-1,888003,5995,2170
-1,888003,5996,2116
-1,888003,5997,2091
-1,888003,5998,2172
-1,888003,5999,2140
-1,888003,6000,2213
-1,888003,6001,2145
-1,888003,6002,2126
-1,888003,6003,2168
-1,888003,6004,2215
-1,888003,6005,2220
-1,888003,6006,2117
-1,888003,6007,2086
-1,888003,6008,2203
-1,888003,6009,2163
-1,888003,6010,2247
-1,888003,6011,2274
-1,888003,6012,2176
-1,888003,6013,2080
-1,888003,6014,2204
-1,888003,6015,2096
-1,888003,6016,2109
-1,888003,6017,2195
-1,888003,6018,2227
-1,888003,6019,2154
-1,888003,6020,2175
-1,888003,6021,2201
-1,888003,6022,2143
-1,888003,6023,2148
-1,888003,6024,2129
-1,888003,6025,2169
-1,888003,6026,2185
-1,888003,6027,2117
-1,888003,6028,2217
-1,888003,6029,2089
-1,888003,6030,2187
-1,888003,6031,2122
-1,888003,6032,2256
-1,888003,6033,2152
-1,888003,6034,2204
-1,888003,6035,2207
-1,888003,6036,2211
-1,888003,6037,2204
-1,888003,6038,2219
-1,888003,6039,2231
-1,888003,6040,2175
-1,888003,6041,2143
-1,888003,6042,2165
-1,888003,6043,2154
-1,888003,6044,2122
-1,888003,6045,2155
-1,888003,6046,2240
-1,888003,6047,2178
-1,888003,6048,2175
-1,888003,6049,2197
-1,888003,6050,2164
-1,888003,6051,2122
-1,888003,6052,2138
-1,888003,6053,2086
-1,888003,6054,2199
-1,888003,6055,2114
-1,888003,6056,2168
-1,888003,6057,2156
-1,888003,6058,2072
-1,888003,6059,2131
-1,888003,6060,2140
-1,888003,6061,2158
-1,888003,6062,2179
-1,888003,6063,2176
-1,888003,6064,2206
-1,888003,6065,2121
-1,888003,6066,2254
-1,888003,6067,2171
-1,888003,6068,2197
-1,888003,6069,2278
-1,888003,6070,2167
-1,888003,6071,2173
-1,888003,6072,2186
-1,888003,6073,2148
-1,888003,6074,2187
-1,888003,6075,2203
-1,888003,6076,2225
-1,888003,6077,2189
-1,888003,6078,2183
-1,888003,6079,2221
-1,888003,6080,2189
-1,888003,6081,2289
-1,888003,6082,2156
-1,888003,6083,2245
-1,888003,6084,2175
-1,888003,6085,2172
-1,888003,6086,2119
-1,888003,6087,2115
-1,888003,6088,2137
-1,888003,6089,2212
-1,888003,6090,2118
-1,888003,6091,2064
-1,888003,6092,2167
-1,888003,6093,2211
-1,888003,6094,2230
-1,888003,6095,2177
-1,888003,6096,2221
-1,888003,6097,2098
-1,888003,6098,2237
-1,888003,6099,2208
-1,888003,6100,2197
-1,888003,6101,2199
-1,888003,6102,2152
-1,888003,6103,2242
-1,888003,6104,2095
-1,888003,6105,2236
-1,888003,6106,2184
-1,888003,6107,2129
-1,888003,6108,2155
-1,888003,6109,2105
-1,888003,6110,2116
-1,888003,6111,2150
-1,888003,6112,2202
-1,888003,6113,2160
-1,888003,6114,2078
-1,888003,6115,2231
-1,888003,6116,2175
-1,888003,6117,2173
-1,888003,6118,2179
-1,888003,6119,2072
-1,888003,6120,2224
-1,888003,6121,2099
-1,888003,6122,2127
-1,888003,6123,2102
-1,888003,6124,2128
-1,888003,6125,2165
-1,888003,6126,2176
-1,888003,6127,2198
-1,888003,6128,2202
-1,888003,6129,2209
-1,888003,6130,2153
-1,888003,6131,2145
-1,888003,6132,2154
-1,888003,6133,2246
-1,888003,6134,2209
-1,888003,6135,2182
-1,888003,6136,2110
-1,888003,6137,2147
-1,888003,6138,2179
-1,888003,6139,2131
-1,888003,6140,2141
-1,888003,6141,2109
-1,888003,6142,2163
-1,888003,6143,2177
-1,888003,6144,2250
-1,888003,6145,2201
-1,888003,6146,2172
-1,888003,6147,2208
-1,888003,6148,2087
-1,888003,6149,2110
-1,888003,6150,2087
-1,888003,6151,2217
-1,888003,6152,2126
-1,888003,6153,2159
-1,888003,6154,2219
-1,888003,6155,2094
-1,888003,6156,2062
-1,888003,6157,2192
-1,888003,6158,2240
-1,888003,6159,2168
-1,888003,6160,2214
-1,888003,6161,2211
-1,888003,6162,2207
-1,888003,6163,2085
-1,888003,6164,2242
-1,888003,6165,2163
-1,888003,6166,2104
-1,888003,6167,2167
-1,888003,6168,2200
-1,888003,6169,2184
-1,888003,6170,2130
-1,888003,6171,2224
-1,888003,6172,2126
-1,888003,6173,2103
-1,888003,6174,2139
-1,888003,6175,2115
-1,888003,6176,2193
-1,888003,6177,2141
-1,888003,6178,2128
-1,888003,6179,2161
-1,888003,6180,2177
-1,888003,6181,2168
-1,888003,6182,2116
-1,888003,6183,2149
-1,888003,6184,2108
-1,888003,6185,2237
-1,888003,6186,2134
-1,888003,6187,2105
-1,888003,6188,2226
-1,888003,6189,2197
-1,888003,6190,2113
-1,888003,6191,2159
-1,888003,6192,2192
-1,888003,6193,2305
-1,888003,6194,2240
-1,888003,6195,2220
-1,888003,6196,2189
-1,888003,6197,2161
-1,888003,6198,2183
-1,888003,6199,2150
-1,888003,6200,2309
-1,888003,6201,2172
-1,888003,6202,2276
-1,888003,6203,2143
-1,888003,6204,2117
-1,888003,6205,2190
-1,888003,6206,2233
-1,888003,6207,2148
-1,888003,6208,2162
-1,888003,6209,2208
-1,888003,6210,2173
-1,888003,6211,2185
-1,888003,6212,2172
-1,888003,6213,2215
-1,888003,6214,2181
-1,888003,6215,2166
-1,888003,6216,2254
-1,888003,6217,2205
-1,888003,6218,2143
-1,888003,6219,2140
-1,888003,6220,2208
-1,888003,6221,2159
-1,888003,6222,2172
-1,888003,6223,2101
-1,888003,6224,2173
-1,888003,6225,2202
-1,888003,6226,2110
-1,888003,6227,2243
-1,888003,6228,2173
-1,888003,6229,2142
-1,888003,6230,2236
-1,888003,6231,2084
-1,888003,6232,2159
-1,888003,6233,2149
-1,888003,6234,2172
-1,888003,6235,2200
-1,888003,6236,2223
-1,888003,6237,2167
-1,888003,6238,2205
-1,888003,6239,2114
-1,888003,6240,2206
-1,888003,6241,2157
-1,888003,6242,2167
-1,888003,6243,2200
-1,888003,6244,2144
-1,888003,6245,2201
-1,888003,6246,2192
-1,888003,6247,2183
-1,888003,6248,2242
-1,888003,6249,2133
-1,888003,6250,2137
-1,888003,6251,2195
-1,888003,6252,2169
-1,888003,6253,2128
-1,888003,6254,2180
-1,888003,6255,2220
-1,888003,6256,2086
-1,888003,6257,2208
-1,888003,6258,2192
-1,888003,6259,2225
-1,888003,6260,2146
-1,888003,6261,2178
-1,888003,6262,2200
-1,888003,6263,2182
-1,888003,6264,2131
-1,888003,6265,2206
-1,888003,6266,2248
-1,888003,6267,2175
-1,888003,6268,2143
-1,888003,6269,2113
-1,888003,6270,2187
-1,888003,6271,2318
-1,888003,6272,2141
-1,888003,6273,2198
-1,888003,6274,2228
-1,888003,6275,2197
-1,888003,6276,2269
-1,888003,6277,2098
-1,888003,6278,2221
-1,888003,6279,2211
-1,888003,6280,2222
-1,888003,6281,2215
-1,888003,6282,2171
-1,888003,6283,2190
-1,888003,6284,2136
-1,888003,6285,2187
-1,888003,6286,2159
-1,888003,6287,2219
-1,888003,6288,2192
-1,888003,6289,2117
-1,888003,6290,2233
-1,888003,6291,2170
-1,888003,6292,2173
-1,888003,6293,2153
-1,888003,6294,2188
-1,888003,6295,2213
-1,888003,6296,2085
-1,888003,6297,2201
-1,888003,6298,2176
-1,888003,6299,2172
-1,888003,6300,2167
-1,888003,6301,2164
-1,888003,6302,2207
-1,888003,6303,2137
-1,888003,6304,2134
-1,888003,6305,2141
-1,888003,6306,2192
-1,888003,6307,2250
-1,888003,6308,2119
-1,888003,6309,2162
-1,888003,6310,2153
-1,888003,6311,2207
-1,888003,6312,2113
-1,888003,6313,2101
-1,888003,6314,2189
-1,888003,6315,2193
-1,888003,6316,2242
-1,888003,6317,2164
-1,888003,6318,2240
-1,888003,6319,2140
-1,888003,6320,2194
-1,888003,6321,2144
-1,888003,6322,2112
-1,888003,6323,2168
-1,888003,6324,2182
-1,888003,6325,2157
-1,888003,6326,2186
-1,888003,6327,2159
-1,888003,6328,2110
-1,888003,6329,2156
-1,888003,6330,2172
-1,888003,6331,2123
-1,888003,6332,2197
-1,888003,6333,2143
-1,888003,6334,2146
-1,888003,6335,2255
-1,888003,6336,2237
-1,888003,6337,2138
-1,888003,6338,2143
-1,888003,6339,2132
-1,888003,6340,2197
-1,888003,6341,2135
-1,888003,6342,2152
-1,888003,6343,2177
-1,888003,6344,2152
-1,888003,6345,2211
-1,888003,6346,2147
-1,888003,6347,2132
-1,888003,6348,2165
-1,888003,6349,2211
-1,888003,6350,2135
-1,888003,6351,2167
-1,888003,6352,2152
-1,888003,6353,2123
-1,888003,6354,2245
-1,888003,6355,2080
-1,888003,6356,2226
-1,888003,6357,2170
-1,888003,6358,2145
-1,888003,6359,2175
-1,888003,6360,2165
-1,888003,6361,2096
-1,888003,6362,2133
-1,888003,6363,2185
-1,888003,6364,2193
-1,888003,6365,2119
-1,888003,6366,2217
-1,888003,6367,2223
-1,888003,6368,2167
-1,888003,6369,2094
-1,888003,6370,2245
-1,888003,6371,2174
-1,888003,6372,2219
-1,888003,6373,2213
-1,888003,6374,2080
-1,888003,6375,2106
-1,888003,6376,2167
-1,888003,6377,2222
-1,888003,6378,2210
-1,888003,6379,2165
-1,888003,6380,2167
-1,888003,6381,2260
-1,888003,6382,2203
-1,888003,6383,2169
-1,888003,6384,2143
-1,888003,6385,2144
-1,888003,6386,2161
-1,888003,6387,2137
-1,888003,6388,2193
-1,888003,6389,2209
-1,888003,6390,2250
-1,888003,6391,2198
-1,888003,6392,2131
-1,888003,6393,2268
-1,888003,6394,2154
-1,888003,6395,2092
-1,888003,6396,2237
-1,888003,6397,2175
-1,888003,6398,2203
-1,888003,6399,2126
-1,888003,6400,2150
-1,888003,6401,2189
-1,888003,6402,2173
-1,888003,6403,2151
-1,888003,6404,2197
-1,888003,6405,2220
-1,888003,6406,2133
-1,888003,6407,2271
-1,888003,6408,2214
-1,888003,6409,2133
-1,888003,6410,2153
-1,888003,6411,2200
-1,888003,6412,2161
-1,888003,6413,2199
-1,888003,6414,2169
-1,888003,6415,2154
-1,888003,6416,2270
-1,888003,6417,2220
-1,888003,6418,2169
-1,888003,6419,2149
-1,888003,6420,2245
-1,888003,6421,2150
-1,888003,6422,2215
-1,888003,6423,2184
-1,888003,6424,2102
-1,888003,6425,2201
-1,888003,6426,2184
-1,888003,6427,2130
-1,888003,6428,2192
-1,888003,6429,2162
-1,888003,6430,2154
-1,888003,6431,2191
-1,888003,6432,2198
-1,888003,6433,2181
-1,888003,6434,2163
-1,888003,6435,2178
-1,888003,6436,2083
-1,888003,6437,2121
-1,888003,6438,2184
-1,888003,6439,2264
-1,888003,6440,2233
-1,888003,6441,2114
-1,888003,6442,2199
-1,888003,6443,2213
-1,888003,6444,2180
-1,888003,6445,2110
-1,888003,6446,2104
-1,888003,6447,2206
-1,888003,6448,2131
-1,888003,6449,2155
-1,888003,6450,2115
-1,888003,6451,2158
-1,888003,6452,2181
-1,888003,6453,2253
-1,888003,6454,2184
-1,888003,6455,2289
-1,888003,6456,2185
-1,888003,6457,2216
-1,888003,6458,2185
-1,888003,6459,2113
-1,888003,6460,2167
-1,888003,6461,2117
-1,888003,6462,2151
-1,888003,6463,2117
-1,888003,6464,2133
-1,888003,6465,2150
-1,888003,6466,2167
-1,888003,6467,2198
-1,888003,6468,2179
-1,888003,6469,2173
-1,888003,6470,2091
-1,888003,6471,2216
-1,888003,6472,2212
-1,888003,6473,2246
-1,888003,6474,2145
-1,888003,6475,2158
-1,888003,6476,2190
-1,888003,6477,2152
-1,888003,6478,2114
-1,888003,6479,2174
-1,888003,6480,2210
-1,888003,6481,2163
-1,888003,6482,2186
-1,888003,6483,2207
-1,888003,6484,2160
-1,888003,6485,2149
-1,888003,6486,2165
-1,888003,6487,2169
-1,888003,6488,2057
-1,888003,6489,2193
-1,888003,6490,2101
-1,888003,6491,2126
-1,888003,6492,2137
-1,888003,6493,2151
-1,888003,6494,2195
-1,888003,6495,2146
-1,888003,6496,2159
-1,888003,6497,2209
-1,888003,6498,2184
-1,888003,6499,2044
-1,888003,6500,2199
-1,888003,6501,2145
-1,888003,6502,2171
-1,888003,6503,2288
-1,888003,6504,2213
-1,888003,6505,2137
-1,888003,6506,2052
-1,888003,6507,2183
-1,888003,6508,2131
-1,888003,6509,2113
-1,888003,6510,2166
-1,888003,6511,2157
-1,888003,6512,2229
-1,888003,6513,2165
-1,888003,6514,2159
-1,888003,6515,2173
-1,888003,6516,2089
-1,888003,6517,2171
-1,888003,6518,2200
-1,888003,6519,2215
-1,888003,6520,2227
-1,888003,6521,2233
-1,888003,6522,2189
-1,888003,6523,2238
-1,888003,6524,2099
-1,888003,6525,2205
-1,888003,6526,2117
-1,888003,6527,2203
-1,888003,6528,2165
-1,888003,6529,2168
-1,888003,6530,2197
-1,888003,6531,2152
-1,888003,6532,2061
-1,888003,6533,2223
-1,888003,6534,2140
-1,888003,6535,2183
-1,888003,6536,2182
-1,888003,6537,2214
-1,888003,6538,2200
-1,888003,6539,2150
-1,888003,6540,2042
-1,888003,6541,2206
-1,888003,6542,2280
-1,888003,6543,2181
-1,888003,6544,2115
-1,888003,6545,2256
-1,888003,6546,2209
-1,888003,6547,2116
-1,888003,6548,2184
-1,888003,6549,2181
-1,888003,6550,2128
-1,888003,6551,2143
-1,888003,6552,2131
-1,888003,6553,2170
-1,888003,6554,2179
-1,888003,6555,2135
-1,888003,6556,2164
-1,888003,6557,2154
-1,888003,6558,2183
-1,888003,6559,2159
-1,888003,6560,2155
-1,888003,6561,2115
-1,888003,6562,2175
-1,888003,6563,2130
-1,888003,6564,2117
-1,888003,6565,2149
-1,888003,6566,2278
-1,888003,6567,2216
-1,888003,6568,2236
-1,888003,6569,2319
-1,888003,6570,2239
-1,888003,6571,2227
-1,888003,6572,2103
-1,888003,6573,2104
-1,888003,6574,2191
-1,888003,6575,2137
-1,888003,6576,2227
-1,888003,6577,2192
-1,888003,6578,2252
-1,888003,6579,2238
-1,888003,6580,2160
-1,888003,6581,2180
-1,888003,6582,2164
-1,888003,6583,2183
-1,888003,6584,2255
-1,888003,6585,2152
-1,888003,6586,2111
-1,888003,6587,2145
-1,888003,6588,2133
-1,888003,6589,2104
-1,888003,6590,2114
-1,888003,6591,2203
-1,888003,6592,2187
-1,888003,6593,2093
-1,888003,6594,2208
-1,888003,6595,2161
-1,888003,6596,2157
-1,888003,6597,2171
-1,888003,6598,2171
-1,888003,6599,2104
-1,888003,6600,2155
-1,888003,6601,2149
-1,888003,6602,2208
-1,888003,6603,2154
-1,888003,6604,2189
-1,888003,6605,2154
-1,888003,6606,2142
-1,888003,6607,2161
-1,888003,6608,2170
-1,888003,6609,2172
-1,888003,6610,2140
-1,888003,6611,2167
-1,888003,6612,2197
-1,888003,6613,2116
-1,888003,6614,2081
-1,888003,6615,2134
-1,888003,6616,2174
-1,888003,6617,2144
-1,888003,6618,2225
-1,888003,6619,2120
-1,888003,6620,2084
-1,888003,6621,2166
-1,888003,6622,2174
-1,888003,6623,2206
-1,888003,6624,2053
-1,888003,6625,2147
-1,888003,6626,2161
-1,888003,6627,2209
-1,888003,6628,2032
-1,888003,6629,2180
-1,888003,6630,2193
-1,888003,6631,2186
-1,888003,6632,2190
-1,888003,6633,2147
-1,888003,6634,2208
-1,888003,6635,2193
-1,888003,6636,2155
-1,888003,6637,2165
-1,888003,6638,2112
-1,888003,6639,2193
-1,888003,6640,2165
-1,888003,6641,2151
-1,888003,6642,2136
-1,888003,6643,2175
-1,888003,6644,2118
-1,888003,6645,2129
-1,888003,6646,2114
-1,888003,6647,2187
-1,888003,6648,2119
-1,888003,6649,2181
-1,888003,6650,2166
-1,888003,6651,2134
-1,888003,6652,2169
-1,888003,6653,2180
-1,888003,6654,2202
-1,888003,6655,2250
-1,888003,6656,2180
-1,888003,6657,2181
-1,888003,6658,2199
-1,888003,6659,2188
-1,888003,6660,2238
-1,888003,6661,2134
-1,888003,6662,2239
-1,888003,6663,2194
-1,888003,6664,2165
-1,888003,6665,2188
-1,888003,6666,2161
-1,888003,6667,2136
-1,888003,6668,2183
-1,888003,6669,2122
-1,888003,6670,2216
-1,888003,6671,2119
-1,888003,6672,2171
-1,888003,6673,2231
-1,888003,6674,2214
-1,888003,6675,2206
-1,888003,6676,2086
-1,888003,6677,2115
-1,888003,6678,2101
-1,888003,6679,2166
-1,888003,6680,2171
-1,888003,6681,2188
-1,888003,6682,2101
-1,888003,6683,2190
-1,888003,6684,2158
-1,888003,6685,2220
-1,888003,6686,2167
-1,888003,6687,2171
-1,888003,6688,2138
-1,888003,6689,2204
-1,888003,6690,2135
-1,888003,6691,2226
-1,888003,6692,2136
-1,888003,6693,2122
-1,888003,6694,2147
-1,888003,6695,2202
-1,888003,6696,2207
-1,888003,6697,2223
-1,888003,6698,2109
-1,888003,6699,2180
-1,888003,6700,2105
-1,888003,6701,2200
-1,888003,6702,2115
-1,888003,6703,2197
-1,888003,6704,2249
-1,888003,6705,2106
-1,888003,6706,2164
-1,888003,6707,2187
-1,888003,6708,2173
-1,888003,6709,2182
-1,888003,6710,2132
-1,888003,6711,2167
-1,888003,6712,2104
-1,888003,6713,2094
-1,888003,6714,2070
-1,888003,6715,2217
-1,888003,6716,2184
-1,888003,6717,2129
-1,888003,6718,2136
-1,888003,6719,2202
-1,888003,6720,2120
-1,888003,6721,2222
-1,888003,6722,2166
-1,888003,6723,2149
-1,888003,6724,2204
-1,888003,6725,2239
-1,888003,6726,2223
-1,888003,6727,2243
-1,888003,6728,2198
-1,888003,6729,2214
-1,888003,6730,2150
-1,888003,6731,2151
-1,888003,6732,2205
-1,888003,6733,2113
-1,888003,6734,2125
-1,888003,6735,2193
-1,888003,6736,2175
-1,888003,6737,2110
-1,888003,6738,2167
-1,888003,6739,2194
-1,888003,6740,2094
-1,888003,6741,2195
-1,888003,6742,2195
-1,888003,6743,2149
-1,888003,6744,2138
-1,888003,6745,2150
-1,888003,6746,2107
-1,888003,6747,2137
-1,888003,6748,2217
-1,888003,6749,2186
-1,888003,6750,2097
-1,888003,6751,2125
-1,888003,6752,2163
-1,888003,6753,2161
-1,888003,6754,2100
-1,888003,6755,2225
-1,888003,6756,2125
-1,888003,6757,2141
-1,888003,6758,2146
-1,888003,6759,2218
-1,888003,6760,2124
-1,888003,6761,2166
-1,888003,6762,2280
-1,888003,6763,2204
-1,888003,6764,2120
-1,888003,6765,2203
-1,888003,6766,2187
-1,888003,6767,2147
-1,888003,6768,2236
-1,888003,6769,2194
-1,888003,6770,2207
-1,888003,6771,2205
-1,888003,6772,2159
-1,888003,6773,2221
-1,888003,6774,2189
-1,888003,6775,2155
-1,888003,6776,2266
-1,888003,6777,2123
-1,888003,6778,2186
-1,888003,6779,2212
-1,888003,6780,2192
-1,888003,6781,2133
-1,888003,6782,2156
-1,888003,6783,2173
-1,888003,6784,2208
-1,888003,6785,2173
-1,888003,6786,2163
-1,888003,6787,2142
-1,888003,6788,2161
-1,888003,6789,2175
-1,888003,6790,2180
-1,888003,6791,2264
-1,888003,6792,2203
-1,888003,6793,2201
-1,888003,6794,2216
-1,888003,6795,2262
-1,888003,6796,2164
-1,888003,6797,2164
-1,888003,6798,2192
-1,888003,6799,2127
-1,888003,6800,2141
-1,888003,6801,2127
-1,888003,6802,2131
-1,888003,6803,2162
-1,888003,6804,2122
-1,888003,6805,2135
-1,888003,6806,2089
-1,888003,6807,2124
-1,888003,6808,2249
-1,888003,6809,2170
-1,888003,6810,2247
-1,888003,6811,2176
-1,888003,6812,2164
-1,888003,6813,2213
-1,888003,6814,2186
-1,888003,6815,2231
-1,888003,6816,2210
-1,888003,6817,2245
-1,888003,6818,2139
-1,888003,6819,2135
-1,888003,6820,2169
-1,888003,6821,2120
-1,888003,6822,2120
-1,888003,6823,2189
-1,888003,6824,2124
-1,888003,6825,2217
-1,888003,6826,2164
-1,888003,6827,2156
-1,888003,6828,2185
-1,888003,6829,2166
-1,888003,6830,2144
-1,888003,6831,2107
-1,888003,6832,2110
-1,888003,6833,2204
-1,888003,6834,2142
-1,888003,6835,2249
-1,888003,6836,2228
-1,888003,6837,2159
-1,888003,6838,2235
-1,888003,6839,2242
-1,888003,6840,2211
-1,888003,6841,2199
-1,888003,6842,2090
-1,888003,6843,2125
-1,888003,6844,2214
-1,888003,6845,2154
-1,888003,6846,2182
-1,888003,6847,2181
-1,888003,6848,2221
-1,888003,6849,2116
-1,888003,6850,2200
-1,888003,6851,2244
-1,888003,6852,2146
-1,888003,6853,2125
-1,888003,6854,2155
-1,888003,6855,2230
-1,888003,6856,2218
-1,888003,6857,2214
-1,888003,6858,2142
-1,888003,6859,2163
-1,888003,6860,2234
-1,888003,6861,2202
-1,888003,6862,2158
-1,888003,6863,2040
-1,888003,6864,2204
-1,888003,6865,2179
-1,888003,6866,2151
-1,888003,6867,2162
-1,888003,6868,2081
-1,888003,6869,2182
-1,888003,6870,2136
-1,888003,6871,2270
-1,888003,6872,2198
-1,888003,6873,2216
-1,888003,6874,2221
-1,888003,6875,2087
-1,888003,6876,2190
-1,888003,6877,2298
-1,888003,6878,2192
-1,888003,6879,2204
-1,888003,6880,2200
-1,888003,6881,2159
-1,888003,6882,2151
-1,888003,6883,2078
-1,888003,6884,2171
-1,888003,6885,2241
-1,888003,6886,2216
-1,888003,6887,2249
-1,888003,6888,2115
-1,888003,6889,2111
-1,888003,6890,2188
-1,888003,6891,2181
-1,888003,6892,2188
-1,888003,6893,2080
-1,888003,6894,2094
-1,888003,6895,2126
-1,888003,6896,2186
-1,888003,6897,2113
-1,888003,6898,2164
-1,888003,6899,2147
-1,888003,6900,2045
-1,888003,6901,2180
-1,888003,6902,2176
-1,888003,6903,2221
-1,888003,6904,2221
-1,888003,6905,2200
-1,888003,6906,2155
-1,888003,6907,2153
-1,888003,6908,2159
-1,888003,6909,2149
-1,888003,6910,2064
-1,888003,6911,2144
-1,888003,6912,2193
-1,888003,6913,2108
-1,888003,6914,2193
-1,888003,6915,2155
-1,888003,6916,2167
-1,888003,6917,2116
-1,888003,6918,2181
-1,888003,6919,2206
-1,888003,6920,2144
-1,888003,6921,2243
-1,888003,6922,2158
-1,888003,6923,2141
-1,888003,6924,2159
-1,888003,6925,2149
-1,888003,6926,2201
-1,888003,6927,2128
-1,888003,6928,2167
-1,888003,6929,2182
-1,888003,6930,2214
-1,888003,6931,2069
-1,888003,6932,2207
-1,888003,6933,2102
-1,888003,6934,2190
-1,888003,6935,2116
-1,888003,6936,2197
-1,888003,6937,2137
-1,888003,6938,2169
-1,888003,6939,2218
-1,888003,6940,2232
-1,888003,6941,2274
-1,888003,6942,2194
-1,888003,6943,2228
-1,888003,6944,2249
-1,888003,6945,2157
-1,888003,6946,2202
-1,888003,6947,2223
-1,888003,6948,2159
-1,888003,6949,2119
-1,888003,6950,2224
-1,888003,6951,2161
-1,888003,6952,2214
-1,888003,6953,2168
-1,888003,6954,2224
-1,888003,6955,2175
-1,888003,6956,2301
-1,888003,6957,2155
-1,888003,6958,2096
-1,888003,6959,2218
-1,888003,6960,2132
-1,888003,6961,2243
-1,888003,6962,2197
-1,888003,6963,2133
-1,888003,6964,2219
-1,888003,6965,2164
-1,888003,6966,2162
-1,888003,6967,2107
-1,888003,6968,2143
-1,888003,6969,2200
-1,888003,6970,2108
-1,888003,6971,2140
-1,888003,6972,2148
-1,888003,6973,2191
-1,888003,6974,2142
-1,888003,6975,2180
-1,888003,6976,2176
-1,888003,6977,2206
-1,888003,6978,2202
-1,888003,6979,2195
-1,888003,6980,2147
-1,888003,6981,2109
-1,888003,6982,2240
-1,888003,6983,2170
-1,888003,6984,2253
-1,888003,6985,2181
-1,888003,6986,2259
-1,888003,6987,2169
-1,888003,6988,2211
-1,888003,6989,2162
-1,888003,6990,2074
-1,888003,6991,2099
-1,888003,6992,2223
-1,888003,6993,2217
-1,888003,6994,2145
-1,888003,6995,2170
-1,888003,6996,2141
-1,888003,6997,2135
-1,888003,6998,2198
-1,888003,6999,2210
-1,888003,7000,0
-1,888003,7001,0
-1,888003,7002,0
-1,888003,7003,0
-1,888003,7004,0
-1,888003,7005,0
-1,888003,7006,0
-1,888003,7007,0
-1,888003,7008,0
-1,888003,7009,0
-1,888003,7010,0
-1,888003,7011,0
-1,888003,7012,0
-1,888003,7013,0
-1,888003,7014,0
-1,888003,7015,0
-1,888003,7016,0
-1,888003,7017,0
-1,888003,7018,0
-1,888003,7019,0
-1,888003,7020,0
-1,888003,7021,0
-1,888003,7022,0
-1,888003,7023,0
-1,888003,7024,0
-1,888003,7025,0
-1,888003,7026,0
-1,888003,7027,0
-1,888003,7028,0
-1,888003,7029,0
-1,888003,7030,0
-1,888003,7031,0
-1,888003,7032,0
-1,888003,7033,0
-1,888003,7034,0
-1,888003,7035,0
-1,888003,7036,0
-1,888003,7037,0
-1,888003,7038,0
-1,888003,7039,0
-1,888003,7040,0
-1,888003,7041,0
-1,888003,7042,0
-1,888003,7043,0
-1,888003,7044,0
-1,888003,7045,0
-1,888003,7046,0
-1,888003,7047,0
-1,888003,7048,0
-1,888003,7049,0
-1,888003,7050,0
-1,888003,7051,0
-1,888003,7052,0
-1,888003,7053,0
-1,888003,7054,0
-1,888003,7055,0
-1,888003,7056,0
-1,888003,7057,0
-1,888003,7058,0
-1,888003,7059,0
-1,888003,7060,0
-1,888003,7061,0
-1,888003,7062,0
-1,888003,7063,0
-1,888003,7064,0
-1,888003,7065,0
-1,888003,7066,0
-1,888003,7067,0
-1,888003,7068,0
-1,888003,7069,0
-1,888003,7070,0
-1,888003,7071,0
-1,888003,7072,0
-1,888003,7073,0
-1,888003,7074,0
-1,888003,7075,0
-1,888003,7076,0
-1,888003,7077,0
-1,888003,7078,0
-1,888003,7079,0
-1,888003,7080,0
-1,888003,7081,0
-1,888003,7082,0
-1,888003,7083,0
-1,888003,7084,0
-1,888003,7085,0
-1,888003,7086,0
-1,888003,7087,0
-1,888003,7088,0
-1,888003,7089,0
-1,888003,7090,0
-1,888003,7091,0
-1,888003,7092,0
-1,888003,7093,0
-1,888003,7094,0
-1,888003,7095,0
-1,888003,7096,0
-1,888003,7097,0
-1,888003,7098,0
-1,888003,7099,0
-1,888003,7100,0
-1,888003,7101,0
-1,888003,7102,0
-1,888003,7103,0
-1,888003,7104,0
-1,888003,7105,0
-1,888003,7106,0
-1,888003,7107,0
-1,888003,7108,0
-1,888003,7109,0
-1,888003,7110,0
-1,888003,7111,0
-1,888003,7112,0
-1,888003,7113,0
-1,888003,7114,0
-1,888003,7115,0
-1,888003,7116,0
-1,888003,7117,0
-1,888003,7118,0
-1,888003,7119,0
-1,888003,7120,0
-1,888003,7121,0
-1,888003,7122,0
-1,888003,7123,0
-1,888003,7124,0
-1,888003,7125,0
-1,888003,7126,0
-1,888003,7127,0
-1,888003,7128,0
-1,888003,7129,0
-1,888003,7130,0
-1,888003,7131,0
-1,888003,7132,0
-1,888003,7133,0
-1,888003,7134,0
-1,888003,7135,0
-1,888003,7136,0
-1,888003,7137,0
-1,888003,7138,0
-1,888003,7139,0
-1,888003,7140,0
-1,888003,7141,0
-1,888003,7142,0
-1,888003,7143,0
-1,888003,7144,0
-1,888003,7145,0
-1,888003,7146,0
-1,888003,7147,0
-1,888003,7148,0
-1,888003,7149,0
-1,888003,7150,0
-1,888003,7151,0
-1,888003,7152,0
-1,888003,7153,0
-1,888003,7154,0
-1,888003,7155,0
-1,888003,7156,0
-1,888003,7157,0
-1,888003,7158,0
-1,888003,7159,0
-1,888003,7160,0
-1,888003,7161,0
-1,888003,7162,0
-1,888003,7163,0
-1,888003,7164,0
-1,888003,7165,0
-1,888003,7166,0
-1,888003,7167,0
-1,888003,7168,0
-1,888003,7169,0
-1,888003,7170,0
-1,888003,7171,0
-1,888003,7172,0
-1,888003,7173,0
-1,888003,7174,0
-1,888003,7175,0
-1,888003,7176,0
-1,888003,7177,0
-1,888003,7178,0
-1,888003,7179,0
-1,888003,7180,0
-1,888003,7181,0
-1,888003,7182,0
-1,888003,7183,0
-1,888003,7184,0
-1,888003,7185,0
-1,888003,7186,0
-1,888003,7187,0
-1,888003,7188,0
-1,888003,7189,0
-1,888003,7190,0
-1,888003,7191,0
-1,888003,7192,0
-1,888003,7193,0
-1,888003,7194,0
-1,888003,7195,0
-1,888003,7196,0
-1,888003,7197,0
-1,888003,7198,0
-1,888003,7199,0
-1,888003,7200,0
-1,888003,7201,0
-1,888003,7202,0
-1,888003,7203,0
-1,888003,7204,0
-1,888003,7205,0
-1,888003,7206,0
-1,888003,7207,0
-1,888003,7208,0
-1,888003,7209,0
-1,888003,7210,0
-1,888003,7211,0
-1,888003,7212,0
-1,888003,7213,0
-1,888003,7214,0
-1,888003,7215,0
-1,888003,7216,0
-1,888003,7217,0
-1,888003,7218,0
-1,888003,7219,0
-1,888003,7220,0
-1,888003,7221,0
-1,888003,7222,0
-1,888003,7223,0
-1,888003,7224,0
-1,888003,7225,0
-1,888003,7226,0
-1,888003,7227,0
-1,888003,7228,0
-1,888003,7229,0
-1,888003,7230,0
-1,888003,7231,0
-1,888003,7232,0
-1,888003,7233,0
-1,888003,7234,0
-1,888003,7235,0
-1,888003,7236,0
-1,888003,7237,0
-1,888003,7238,0
-1,888003,7239,0
-1,888003,7240,0
-1,888003,7241,0
-1,888003,7242,0
-1,888003,7243,0
-1,888003,7244,0
-1,888003,7245,0
-1,888003,7246,0
-1,888003,7247,0
-1,888003,7248,0
-1,888003,7249,0
-1,888003,7250,0
-1,888003,7251,0
-1,888003,7252,0
-1,888003,7253,0
-1,888003,7254,0
-1,888003,7255,0
-1,888003,7256,0
-1,888003,7257,0
-1,888003,7258,0
-1,888003,7259,0
-1,888003,7260,0
-1,888003,7261,0
-1,888003,7262,0
-1,888003,7263,0
-1,888003,7264,0
-1,888003,7265,0
-1,888003,7266,0
-1,888003,7267,0
-1,888003,7268,0
-1,888003,7269,0
-1,888003,7270,0
-1,888003,7271,0
-1,888003,7272,0
-1,888003,7273,0
-1,888003,7274,0
-1,888003,7275,0
-1,888003,7276,0
-1,888003,7277,0
-1,888003,7278,0
-1,888003,7279,0
-1,888003,7280,0
-1,888003,7281,0
-1,888003,7282,0
-1,888003,7283,0
-1,888003,7284,0
-1,888003,7285,0
-1,888003,7286,0
-1,888003,7287,0
-1,888003,7288,0
-1,888003,7289,0
-1,888003,7290,0
-1,888003,7291,0
-1,888003,7292,0
-1,888003,7293,0
-1,888003,7294,0
-1,888003,7295,0
-1,888003,7296,0
-1,888003,7297,0
-1,888003,7298,0
-1,888003,7299,0
-1,888003,7300,0
-1,888003,7301,0
-1,888003,7302,0
-1,888003,7303,0
-1,888003,7304,0
-1,888003,7305,0
-1,888003,7306,0
-1,888003,7307,0
-1,888003,7308,0
-1,888003,7309,0
-1,888003,7310,0
-1,888003,7311,0
-1,888003,7312,0
-1,888003,7313,0
-1,888003,7314,0
-1,888003,7315,0
-1,888003,7316,0
-1,888003,7317,0
-1,888003,7318,0
-1,888003,7319,0
-1,888003,7320,0
-1,888003,7321,0
-1,888003,7322,0
-1,888003,7323,0
-1,888003,7324,0
-1,888003,7325,0
-1,888003,7326,0
-1,888003,7327,0
-1,888003,7328,0
-1,888003,7329,0
-1,888003,7330,0
-1,888003,7331,0
-1,888003,7332,0
-1,888003,7333,0
-1,888003,7334,0
-1,888003,7335,0
-1,888003,7336,0
-1,888003,7337,0
-1,888003,7338,0
-1,888003,7339,0
-1,888003,7340,0
-1,888003,7341,0
-1,888003,7342,0
-1,888003,7343,0
-1,888003,7344,0
-1,888003,7345,0
-1,888003,7346,0
-1,888003,7347,0
-1,888003,7348,0
-1,888003,7349,0
-1,888003,7350,0
-1,888003,7351,0
-1,888003,7352,0
-1,888003,7353,0
-1,888003,7354,0
-1,888003,7355,0
-1,888003,7356,0
-1,888003,7357,0
-1,888003,7358,0
-1,888003,7359,0
-1,888003,7360,0
-1,888003,7361,0
-1,888003,7362,0
-1,888003,7363,0
-1,888003,7364,0
-1,888003,7365,0
-1,888003,7366,0
-1,888003,7367,0
-1,888003,7368,0
-1,888003,7369,0
-1,888003,7370,0
-1,888003,7371,0
-1,888003,7372,0
-1,888003,7373,0
-1,888003,7374,0
-1,888003,7375,0
-1,888003,7376,0
-1,888003,7377,0
-1,888003,7378,0
-1,888003,7379,0
-1,888003,7380,0
-1,888003,7381,0
-1,888003,7382,0
-1,888003,7383,0
-1,888003,7384,0
-1,888003,7385,0
-1,888003,7386,0
-1,888003,7387,0
-1,888003,7388,0
-1,888003,7389,0
-1,888003,7390,0
-1,888003,7391,0
-1,888003,7392,0
-1,888003,7393,0
-1,888003,7394,0
-1,888003,7395,0
-1,888003,7396,0
-1,888003,7397,0
-1,888003,7398,0
-1,888003,7399,0
-1,888003,7400,0
-1,888003,7401,0
-1,888003,7402,0
-1,888003,7403,0
-1,888003,7404,0
-1,888003,7405,0
-1,888003,7406,0
-1,888003,7407,0
-1,888003,7408,0
-1,888003,7409,0
-1,888003,7410,0
-1,888003,7411,0
-1,888003,7412,0
-1,888003,7413,0
-1,888003,7414,0
-1,888003,7415,0
-1,888003,7416,0
-1,888003,7417,0
-1,888003,7418,0
-1,888003,7419,0
-1,888003,7420,0
-1,888003,7421,0
-1,888003,7422,0
-1,888003,7423,0
-1,888003,7424,0
-1,888003,7425,0
-1,888003,7426,0
-1,888003,7427,0
-1,888003,7428,0
-1,888003,7429,0
-1,888003,7430,0
-1,888003,7431,0
-1,888003,7432,0
-1,888003,7433,0
-1,888003,7434,0
-1,888003,7435,0
-1,888003,7436,0
-1,888003,7437,0
-1,888003,7438,0
-1,888003,7439,0
-1,888003,7440,0
-1,888003,7441,0
-1,888003,7442,0
-1,888003,7443,0
-1,888003,7444,0
-1,888003,7445,0
-1,888003,7446,0
-1,888003,7447,0
-1,888003,7448,0
-1,888003,7449,0
-1,888003,7450,0
-1,888003,7451,0
-1,888003,7452,0
-1,888003,7453,0
-1,888003,7454,0
-1,888003,7455,0
-1,888003,7456,0
-1,888003,7457,0
-1,888003,7458,0
-1,888003,7459,0
-1,888003,7460,0
-1,888003,7461,0
-1,888003,7462,0
-1,888003,7463,0
-1,888003,7464,0
-1,888003,7465,0
-1,888003,7466,0
-1,888003,7467,0
-1,888003,7468,0
-1,888003,7469,0
-1,888003,7470,0
-1,888003,7471,0
-1,888003,7472,0
-1,888003,7473,0
-1,888003,7474,0
-1,888003,7475,0
-1,888003,7476,0
-1,888003,7477,0
-1,888003,7478,0
-1,888003,7479,0
-1,888003,7480,0
-1,888003,7481,0
-1,888003,7482,0
-1,888003,7483,0
-1,888003,7484,0
-1,888003,7485,0
-1,888003,7486,0
-1,888003,7487,0
-1,888003,7488,0
-1,888003,7489,0
-1,888003,7490,0
-1,888003,7491,0
-1,888003,7492,0
-1,888003,7493,0
-1,888003,7494,0
-1,888003,7495,0
-1,888003,7496,0
-1,888003,7497,0
-1,888003,7498,0
-1,888003,7499,0
-1,888003,7500,0
-1,888003,7501,0
-1,888003,7502,0
-1,888003,7503,0
-1,888003,7504,0
-1,888003,7505,0
-1,888003,7506,0
-1,888003,7507,0
-1,888003,7508,0
-1,888003,7509,0
-1,888003,7510,0
-1,888003,7511,0
-1,888003,7512,0
-1,888003,7513,0
-1,888003,7514,0
-1,888003,7515,0
-1,888003,7516,0
-1,888003,7517,0
-1,888003,7518,0
-1,888003,7519,0
-1,888003,7520,0
-1,888003,7521,0
-1,888003,7522,0
-1,888003,7523,0
-1,888003,7524,0
-1,888003,7525,0
-1,888003,7526,0
-1,888003,7527,0
-1,888003,7528,0
-1,888003,7529,0
-1,888003,7530,0
-1,888003,7531,0
-1,888003,7532,0
-1,888003,7533,0
-1,888003,7534,0
-1,888003,7535,0
-1,888003,7536,0
-1,888003,7537,0
-1,888003,7538,0
-1,888003,7539,0
-1,888003,7540,0
-1,888003,7541,0
-1,888003,7542,0
-1,888003,7543,0
-1,888003,7544,0
-1,888003,7545,0
-1,888003,7546,0
-1,888003,7547,0
-1,888003,7548,0
-1,888003,7549,0
-1,888003,7550,0
-1,888003,7551,0
-1,888003,7552,0
-1,888003,7553,0
-1,888003,7554,0
-1,888003,7555,0
-1,888003,7556,0
-1,888003,7557,0
-1,888003,7558,0
-1,888003,7559,0
-1,888003,7560,0
-1,888003,7561,0
-1,888003,7562,0
-1,888003,7563,0
-1,888003,7564,0
-1,888003,7565,0
-1,888003,7566,0
-1,888003,7567,0
-1,888003,7568,0
-1,888003,7569,0
-1,888003,7570,0
-1,888003,7571,0
-1,888003,7572,0
-1,888003,7573,0
-1,888003,7574,0
-1,888003,7575,0
-1,888003,7576,0
-1,888003,7577,0
-1,888003,7578,0
-1,888003,7579,0
-1,888003,7580,0
-1,888003,7581,0
-1,888003,7582,0
-1,888003,7583,0
-1,888003,7584,0
-1,888003,7585,0
-1,888003,7586,0
-1,888003,7587,0
-1,888003,7588,0
-1,888003,7589,0
-1,888003,7590,0
-1,888003,7591,0
-1,888003,7592,0
-1,888003,7593,0
-1,888003,7594,0
-1,888003,7595,0
-1,888003,7596,0
-1,888003,7597,0
-1,888003,7598,0
-1,888003,7599,0
-1,888003,7600,0
-1,888003,7601,0
-1,888003,7602,0
-1,888003,7603,0
-1,888003,7604,0
-1,888003,7605,0
-1,888003,7606,0
-1,888003,7607,0
-1,888003,7608,0
-1,888003,7609,0
-1,888003,7610,0
-1,888003,7611,0
-1,888003,7612,0
-1,888003,7613,0
-1,888003,7614,0
-1,888003,7615,0
-1,888003,7616,0
-1,888003,7617,0
-1,888003,7618,0
-1,888003,7619,0
-1,888003,7620,0
-1,888003,7621,0
-1,888003,7622,0
-1,888003,7623,0
-1,888003,7624,0
-1,888003,7625,0
-1,888003,7626,0
-1,888003,7627,0
-1,888003,7628,0
-1,888003,7629,0
-1,888003,7630,0
-1,888003,7631,0
-1,888003,7632,0
-1,888003,7633,0
-1,888003,7634,0
-1,888003,7635,0
-1,888003,7636,0
-1,888003,7637,0
-1,888003,7638,0
-1,888003,7639,0
-1,888003,7640,0
-1,888003,7641,0
-1,888003,7642,0
-1,888003,7643,0
-1,888003,7644,0
-1,888003,7645,0
-1,888003,7646,0
-1,888003,7647,0
-1,888003,7648,0
-1,888003,7649,0
-1,888003,7650,0
-1,888003,7651,0
-1,888003,7652,0
-1,888003,7653,0
-1,888003,7654,0
-1,888003,7655,0
-1,888003,7656,0
-1,888003,7657,0
-1,888003,7658,0
-1,888003,7659,0
-1,888003,7660,0
-1,888003,7661,0
-1,888003,7662,0
-1,888003,7663,0
-1,888003,7664,0
-1,888003,7665,0
-1,888003,7666,0
-1,888003,7667,0
-1,888003,7668,0
-1,888003,7669,0
-1,888003,7670,0
-1,888003,7671,0
-1,888003,7672,0
-1,888003,7673,0
-1,888003,7674,0
-1,888003,7675,0
-1,888003,7676,0
-1,888003,7677,0
-1,888003,7678,0
-1,888003,7679,0
-1,888003,7680,0
-1,888003,7681,0
-1,888003,7682,0
-1,888003,7683,0
-1,888003,7684,0
-1,888003,7685,0
-1,888003,7686,0
-1,888003,7687,0
-1,888003,7688,0
-1,888003,7689,0
-1,888003,7690,0
-1,888003,7691,0
-1,888003,7692,0
-1,888003,7693,0
-1,888003,7694,0
-1,888003,7695,0
-1,888003,7696,0
-1,888003,7697,0
-1,888003,7698,0
-1,888003,7699,0
-1,888003,7700,0
-1,888003,7701,0
-1,888003,7702,0
-1,888003,7703,0
-1,888003,7704,0
-1,888003,7705,0
-1,888003,7706,0
-1,888003,7707,0
-1,888003,7708,0
-1,888003,7709,0
-1,888003,7710,0
-1,888003,7711,0
-1,888003,7712,0
-1,888003,7713,0
-1,888003,7714,0
-1,888003,7715,0
-1,888003,7716,0
-1,888003,7717,0
-1,888003,7718,0
-1,888003,7719,0
-1,888003,7720,0
-1,888003,7721,0
-1,888003,7722,0
-1,888003,7723,0
-1,888003,7724,0
-1,888003,7725,0
-1,888003,7726,0
-1,888003,7727,0
-1,888003,7728,0
-1,888003,7729,0
-1,888003,7730,0
-1,888003,7731,0
-1,888003,7732,0
-1,888003,7733,0
-1,888003,7734,0
-1,888003,7735,0
-1,888003,7736,0
-1,888003,7737,0
-1,888003,7738,0
-1,888003,7739,0
-1,888003,7740,0
-1,888003,7741,0
-1,888003,7742,0
-1,888003,7743,0
-1,888003,7744,0
-1,888003,7745,0
-1,888003,7746,0
-1,888003,7747,0
-1,888003,7748,0
-1,888003,7749,0
-1,888003,7750,0
-1,888003,7751,0
-1,888003,7752,0
-1,888003,7753,0
-1,888003,7754,0
-1,888003,7755,0
-1,888003,7756,0
-1,888003,7757,0
-1,888003,7758,0
-1,888003,7759,0
-1,888003,7760,0
-1,888003,7761,0
-1,888003,7762,0
-1,888003,7763,0
-1,888003,7764,0
-1,888003,7765,0
-1,888003,7766,0
-1,888003,7767,0
-1,888003,7768,0
-1,888003,7769,0
-1,888003,7770,0
-1,888003,7771,0
-1,888003,7772,0
-1,888003,7773,0
-1,888003,7774,0
-1,888003,7775,0
-1,888003,7776,0
-1,888003,7777,0
-1,888003,7778,0
-1,888003,7779,0
-1,888003,7780,0
-1,888003,7781,0
-1,888003,7782,0
-1,888003,7783,0
-1,888003,7784,0
-1,888003,7785,0
-1,888003,7786,0
-1,888003,7787,0
-1,888003,7788,0
-1,888003,7789,0
-1,888003,7790,0
-1,888003,7791,0
-1,888003,7792,0
-1,888003,7793,0
-1,888003,7794,0
-1,888003,7795,0
-1,888003,7796,0
-1,888003,7797,0
-1,888003,7798,0
-1,888003,7799,0
-1,888003,7800,0
-1,888003,7801,0
-1,888003,7802,0
-1,888003,7803,0
-1,888003,7804,0
-1,888003,7805,0
-1,888003,7806,0
-1,888003,7807,0
-1,888003,7808,0
-1,888003,7809,0
-1,888003,7810,0
-1,888003,7811,0
-1,888003,7812,0
-1,888003,7813,0
-1,888003,7814,0
-1,888003,7815,0
-1,888003,7816,0
-1,888003,7817,0
-1,888003,7818,0
-1,888003,7819,0
-1,888003,7820,0
-1,888003,7821,0
-1,888003,7822,0
-1,888003,7823,0
-1,888003,7824,0
-1,888003,7825,0
-1,888003,7826,0
-1,888003,7827,0
-1,888003,7828,0
-1,888003,7829,0
-1,888003,7830,0
-1,888003,7831,0
-1,888003,7832,0
-1,888003,7833,0
-1,888003,7834,0
-1,888003,7835,0
-1,888003,7836,0
-1,888003,7837,0
-1,888003,7838,0
-1,888003,7839,0
-1,888003,7840,0
-1,888003,7841,0
-1,888003,7842,0
-1,888003,7843,0
-1,888003,7844,0
-1,888003,7845,0
-1,888003,7846,0
-1,888003,7847,0
-1,888003,7848,0
-1,888003,7849,0
-1,888003,7850,0
-1,888003,7851,0
-1,888003,7852,0
-1,888003,7853,0
-1,888003,7854,0
-1,888003,7855,0
-1,888003,7856,0
-1,888003,7857,0
-1,888003,7858,0
-1,888003,7859,0
-1,888003,7860,0
-1,888003,7861,0
-1,888003,7862,0
-1,888003,7863,0
-1,888003,7864,0
-1,888003,7865,0
-1,888003,7866,0
-1,888003,7867,0
-1,888003,7868,0
-1,888003,7869,0
-1,888003,7870,0
-1,888003,7871,0
-1,888003,7872,0
-1,888003,7873,0
-1,888003,7874,0
-1,888003,7875,0
-1,888003,7876,0
-1,888003,7877,0
-1,888003,7878,0
-1,888003,7879,0
-1,888003,7880,0
-1,888003,7881,0
-1,888003,7882,0
-1,888003,7883,0
-1,888003,7884,0
-1,888003,7885,0
-1,888003,7886,0
-1,888003,7887,0
-1,888003,7888,0
-1,888003,7889,0
-1,888003,7890,0
-1,888003,7891,0
-1,888003,7892,0
-1,888003,7893,0
-1,888003,7894,0
-1,888003,7895,0
-1,888003,7896,0
-1,888003,7897,0
-1,888003,7898,0
-1,888003,7899,0
-1,888003,7900,0
-1,888003,7901,0
-1,888003,7902,0
-1,888003,7903,0
-1,888003,7904,0
-1,888003,7905,0
-1,888003,7906,0
-1,888003,7907,0
-1,888003,7908,0
-1,888003,7909,0
-1,888003,7910,0
-1,888003,7911,0
-1,888003,7912,0
-1,888003,7913,0
-1,888003,7914,0
-1,888003,7915,0
-1,888003,7916,0
-1,888003,7917,0
-1,888003,7918,0
-1,888003,7919,0
-1,888003,7920,0
-1,888003,7921,0
-1,888003,7922,0
-1,888003,7923,0
-1,888003,7924,0
-1,888003,7925,0
-1,888003,7926,0
-1,888003,7927,0
-1,888003,7928,0
-1,888003,7929,0
-1,888003,7930,0
-1,888003,7931,0
-1,888003,7932,0
-1,888003,7933,0
-1,888003,7934,0
-1,888003,7935,0
-1,888003,7936,0
-1,888003,7937,0
-1,888003,7938,0
-1,888003,7939,0
-1,888003,7940,0
-1,888003,7941,0
-1,888003,7942,0
-1,888003,7943,0
-1,888003,7944,0
-1,888003,7945,0
-1,888003,7946,0
-1,888003,7947,0
-1,888003,7948,0
-1,888003,7949,0
-1,888003,7950,0
-1,888003,7951,0
-1,888003,7952,0
-1,888003,7953,0
-1,888003,7954,0
-1,888003,7955,0
-1,888003,7956,0
-1,888003,7957,0
-1,888003,7958,0
-1,888003,7959,0
-1,888003,7960,0
-1,888003,7961,0
-1,888003,7962,0
-1,888003,7963,0
-1,888003,7964,0
-1,888003,7965,0
-1,888003,7966,0
-1,888003,7967,0
-1,888003,7968,0
-1,888003,7969,0
-1,888003,7970,0
-1,888003,7971,0
-1,888003,7972,0
-1,888003,7973,0
-1,888003,7974,0
-1,888003,7975,0
-1,888003,7976,0
-1,888003,7977,0
-1,888003,7978,0
-1,888003,7979,0
-1,888003,7980,0
-1,888003,7981,0
-1,888003,7982,0
-1,888003,7983,0
-1,888003,7984,0
-1,888003,7985,0
-1,888003,7986,0
-1,888003,7987,0
-1,888003,7988,0
-1,888003,7989,0
-1,888003,7990,0
-1,888003,7991,0
-1,888003,7992,0
-1,888003,7993,0
-1,888003,7994,0
-1,888003,7995,0
-1,888003,7996,0
-1,888003,7997,0
-1,888003,7998,0
-1,888003,7999,0
-1,888003,8000,0
-1,888003,8001,0
-1,888003,8002,0
-1,888003,8003,0
-1,888003,8004,0
-1,888003,8005,0
-1,888003,8006,0
-1,888003,8007,0
-1,888003,8008,0
-1,888003,8009,0
-1,888003,8010,0
-1,888003,8011,0
-1,888003,8012,0
-1,888003,8013,0
-1,888003,8014,0
-1,888003,8015,0
-1,888003,8016,0
-1,888003,8017,0
-1,888003,8018,0
-1,888003,8019,0
-1,888003,8020,0
-1,888003,8021,0
-1,888003,8022,0
-1,888003,8023,0
-1,888003,8024,0
-1,888003,8025,0
-1,888003,8026,0
-1,888003,8027,0
-1,888003,8028,0
-1,888003,8029,0
-1,888003,8030,0
-1,888003,8031,0
-1,888003,8032,0
-1,888003,8033,0
-1,888003,8034,0
-1,888003,8035,0
-1,888003,8036,0
-1,888003,8037,0
-1,888003,8038,0
-1,888003,8039,0
-1,888003,8040,0
-1,888003,8041,0
-1,888003,8042,0
-1,888003,8043,0
-1,888003,8044,0
-1,888003,8045,0
-1,888003,8046,0
-1,888003,8047,0
-1,888003,8048,0
-1,888003,8049,0
-1,888003,8050,0
-1,888003,8051,0
-1,888003,8052,0
-1,888003,8053,0
-1,888003,8054,0
-1,888003,8055,0
-1,888003,8056,0
-1,888003,8057,0
-1,888003,8058,0
-1,888003,8059,0
-1,888003,8060,0
-1,888003,8061,0
-1,888003,8062,0
-1,888003,8063,0
-1,888003,8064,0
-1,888003,8065,0
-1,888003,8066,0
-1,888003,8067,0
-1,888003,8068,0
-1,888003,8069,0
-1,888003,8070,0
-1,888003,8071,0
-1,888003,8072,0
-1,888003,8073,0
-1,888003,8074,0
-1,888003,8075,0
-1,888003,8076,0
-1,888003,8077,0
-1,888003,8078,0
-1,888003,8079,0
-1,888003,8080,0
-1,888003,8081,0
-1,888003,8082,0
-1,888003,8083,0
-1,888003,8084,0
-1,888003,8085,0
-1,888003,8086,0
-1,888003,8087,0
-1,888003,8088,0
-1,888003,8089,0
-1,888003,8090,0
-1,888003,8091,0
-1,888003,8092,0
-1,888003,8093,0
-1,888003,8094,0
-1,888003,8095,0
-1,888003,8096,0
-1,888003,8097,0
-1,888003,8098,0
-1,888003,8099,0
-1,888003,8100,0
-1,888003,8101,0
-1,888003,8102,0
-1,888003,8103,0
-1,888003,8104,0
-1,888003,8105,0
-1,888003,8106,0
-1,888003,8107,0
-1,888003,8108,0
-1,888003,8109,0
-1,888003,8110,0
-1,888003,8111,0
-1,888003,8112,0
-1,888003,8113,0
-1,888003,8114,0
-1,888003,8115,0
-1,888003,8116,0
-1,888003,8117,0
-1,888003,8118,0
-1,888003,8119,0
-1,888003,8120,0
-1,888003,8121,0
-1,888003,8122,0
-1,888003,8123,0
-1,888003,8124,0
-1,888003,8125,0
-1,888003,8126,0
-1,888003,8127,0
-1,888003,8128,0
-1,888003,8129,0
-1,888003,8130,0
-1,888003,8131,0
-1,888003,8132,0
-1,888003,8133,0
-1,888003,8134,0
-1,888003,8135,0
-1,888003,8136,0
-1,888003,8137,0
-1,888003,8138,0
-1,888003,8139,0
-1,888003,8140,0
-1,888003,8141,0
-1,888003,8142,0
-1,888003,8143,0
-1,888003,8144,0
-1,888003,8145,0
-1,888003,8146,0
-1,888003,8147,0
-1,888003,8148,0
-1,888003,8149,0
-1,888003,8150,0
-1,888003,8151,0
-1,888003,8152,0
-1,888003,8153,0
-1,888003,8154,0
-1,888003,8155,0
-1,888003,8156,0
-1,888003,8157,0
-1,888003,8158,0
-1,888003,8159,0
-1,888003,8160,0
-1,888003,8161,0
-1,888003,8162,0
-1,888003,8163,0
-1,888003,8164,0
-1,888003,8165,0
-1,888003,8166,0
-1,888003,8167,0
-1,888003,8168,0
-1,888003,8169,0
-1,888003,8170,0
-1,888003,8171,0
-1,888003,8172,0
-1,888003,8173,0
-1,888003,8174,0
-1,888003,8175,0
-1,888003,8176,0
-1,888003,8177,0
-1,888003,8178,0
-1,888003,8179,0
-1,888003,8180,0
-1,888003,8181,0
-1,888003,8182,0
-1,888003,8183,0
-1,888003,8184,0
-1,888003,8185,0
-1,888003,8186,0
-1,888003,8187,0
-1,888003,8188,0
-1,888003,8189,0
-1,888003,8190,0
-1,888003,8191,0
-1,888003,8192,0
-1,888003,8193,0
-1,888003,8194,0
-1,888003,8195,0
-1,888003,8196,0
-1,888003,8197,0
-1,888003,8198,0
-1,888003,8199,0
-1,888003,8200,0
-1,888003,8201,0
-1,888003,8202,0
-1,888003,8203,0
-1,888003,8204,0
-1,888003,8205,0
-1,888003,8206,0
-1,888003,8207,0
-1,888003,8208,0
-1,888003,8209,0
-1,888003,8210,0
-1,888003,8211,0
-1,888003,8212,0
-1,888003,8213,0
-1,888003,8214,0
-1,888003,8215,0
-1,888003,8216,0
-1,888003,8217,0
-1,888003,8218,0
-1,888003,8219,0
-1,888003,8220,0
-1,888003,8221,0
-1,888003,8222,0
-1,888003,8223,0
-1,888003,8224,0
-1,888003,8225,0
-1,888003,8226,0
-1,888003,8227,0
-1,888003,8228,0
-1,888003,8229,0
-1,888003,8230,0
-1,888003,8231,0
-1,888003,8232,0
-1,888003,8233,0
-1,888003,8234,0
-1,888003,8235,0
-1,888003,8236,0
-1,888003,8237,0
-1,888003,8238,0
-1,888003,8239,0
-1,888003,8240,0
-1,888003,8241,0
-1,888003,8242,0
-1,888003,8243,0
-1,888003,8244,0
-1,888003,8245,0
-1,888003,8246,0
-1,888003,8247,0
-1,888003,8248,0
-1,888003,8249,0
-1,888003,8250,0
-1,888003,8251,0
-1,888003,8252,0
-1,888003,8253,0
-1,888003,8254,0
-1,888003,8255,0
-1,888003,8256,0
-1,888003,8257,0
-1,888003,8258,0
-1,888003,8259,0
-1,888003,8260,0
-1,888003,8261,0
-1,888003,8262,0
-1,888003,8263,0
-1,888003,8264,0
-1,888003,8265,0
-1,888003,8266,0
-1,888003,8267,0
-1,888003,8268,0
-1,888003,8269,0
-1,888003,8270,0
-1,888003,8271,0
-1,888003,8272,0
-1,888003,8273,0
-1,888003,8274,0
-1,888003,8275,0
-1,888003,8276,0
-1,888003,8277,0
-1,888003,8278,0
-1,888003,8279,0
-1,888003,8280,0
-1,888003,8281,0
-1,888003,8282,0
-1,888003,8283,0
-1,888003,8284,0
-1,888003,8285,0
-1,888003,8286,0
-1,888003,8287,0
-1,888003,8288,0
-1,888003,8289,0
-1,888003,8290,0
-1,888003,8291,0
-1,888003,8292,0
-1,888003,8293,0
-1,888003,8294,0
-1,888003,8295,0
-1,888003,8296,0
-1,888003,8297,0
-1,888003,8298,0
-1,888003,8299,0
-1,888003,8300,0
-1,888003,8301,0
-1,888003,8302,0
-1,888003,8303,0
-1,888003,8304,0
-1,888003,8305,0
-1,888003,8306,0
-1,888003,8307,0
-1,888003,8308,0
-1,888003,8309,0
-1,888003,8310,0
-1,888003,8311,0
-1,888003,8312,0
-1,888003,8313,0
-1,888003,8314,0
-1,888003,8315,0
-1,888003,8316,0
-1,888003,8317,0
-1,888003,8318,0
-1,888003,8319,0
-1,888003,8320,0
-1,888003,8321,0
-1,888003,8322,0
-1,888003,8323,0
-1,888003,8324,0
-1,888003,8325,0
-1,888003,8326,0
-1,888003,8327,0
-1,888003,8328,0
-1,888003,8329,0
-1,888003,8330,0
-1,888003,8331,0
-1,888003,8332,0
-1,888003,8333,0
-1,888003,8334,0
-1,888003,8335,0
-1,888003,8336,0
-1,888003,8337,0
-1,888003,8338,0
-1,888003,8339,0
-1,888003,8340,0
-1,888003,8341,0
-1,888003,8342,0
-1,888003,8343,0
-1,888003,8344,0
-1,888003,8345,0
-1,888003,8346,0
-1,888003,8347,0
-1,888003,8348,0
-1,888003,8349,0
-1,888003,8350,0
-1,888003,8351,0
-1,888003,8352,0
-1,888003,8353,0
-1,888003,8354,0
-1,888003,8355,0
-1,888003,8356,0
-1,888003,8357,0
-1,888003,8358,0
-1,888003,8359,0
-1,888003,8360,0
-1,888003,8361,0
-1,888003,8362,0
-1,888003,8363,0
-1,888003,8364,0
-1,888003,8365,0
-1,888003,8366,0
-1,888003,8367,0
-1,888003,8368,0
-1,888003,8369,0
-1,888003,8370,0
-1,888003,8371,0
-1,888003,8372,0
-1,888003,8373,0
-1,888003,8374,0
-1,888003,8375,0
-1,888003,8376,0
-1,888003,8377,0
-1,888003,8378,0
-1,888003,8379,0
-1,888003,8380,0
-1,888003,8381,0
-1,888003,8382,0
-1,888003,8383,0
-1,888003,8384,0
-1,888003,8385,0
-1,888003,8386,0
-1,888003,8387,0
-1,888003,8388,0
-1,888003,8389,0
-1,888003,8390,0
-1,888003,8391,0
-1,888003,8392,0
-1,888003,8393,0
-1,888003,8394,0
-1,888003,8395,0
-1,888003,8396,0
-1,888003,8397,0
-1,888003,8398,0
-1,888003,8399,0
-1,888003,8400,0
-1,888003,8401,0
-1,888003,8402,0
-1,888003,8403,0
-1,888003,8404,0
-1,888003,8405,0
-1,888003,8406,0
-1,888003,8407,0
-1,888003,8408,0
-1,888003,8409,0
-1,888003,8410,0
-1,888003,8411,0
-1,888003,8412,0
-1,888003,8413,0
-1,888003,8414,0
-1,888003,8415,0
-1,888003,8416,0
-1,888003,8417,0
-1,888003,8418,0
-1,888003,8419,0
-1,888003,8420,0
-1,888003,8421,0
-1,888003,8422,0
-1,888003,8423,0
-1,888003,8424,0
-1,888003,8425,0
-1,888003,8426,0
-1,888003,8427,0
-1,888003,8428,0
-1,888003,8429,0
-1,888003,8430,0
-1,888003,8431,0
-1,888003,8432,0
-1,888003,8433,0
-1,888003,8434,0
-1,888003,8435,0
-1,888003,8436,0
-1,888003,8437,0
-1,888003,8438,0
-1,888003,8439,0
-1,888003,8440,0
-1,888003,8441,0
-1,888003,8442,0
-1,888003,8443,0
-1,888003,8444,0
-1,888003,8445,0
-1,888003,8446,0
-1,888003,8447,0
-1,888003,8448,0
-1,888003,8449,0
-1,888003,8450,0
-1,888003,8451,0
-1,888003,8452,0
-1,888003,8453,0
-1,888003,8454,0
-1,888003,8455,0
-1,888003,8456,0
-1,888003,8457,0
-1,888003,8458,0
-1,888003,8459,0
-1,888003,8460,0
-1,888003,8461,0
-1,888003,8462,0
-1,888003,8463,0
-1,888003,8464,0
-1,888003,8465,0
-1,888003,8466,0
-1,888003,8467,0
-1,888003,8468,0
-1,888003,8469,0
-1,888003,8470,0
-1,888003,8471,0
-1,888003,8472,0
-1,888003,8473,0
-1,888003,8474,0
-1,888003,8475,0
-1,888003,8476,0
-1,888003,8477,0
-1,888003,8478,0
-1,888003,8479,0
-1,888003,8480,0
-1,888003,8481,0
-1,888003,8482,0
-1,888003,8483,0
-1,888003,8484,0
-1,888003,8485,0
-1,888003,8486,0
-1,888003,8487,0
-1,888003,8488,0
-1,888003,8489,0
-1,888003,8490,0
-1,888003,8491,0
-1,888003,8492,0
-1,888003,8493,0
-1,888003,8494,0
-1,888003,8495,0
-1,888003,8496,0
-1,888003,8497,0
-1,888003,8498,0
-1,888003,8499,0
-1,888003,8500,0
-1,888003,8501,0
-1,888003,8502,0
-1,888003,8503,0
-1,888003,8504,0
-1,888003,8505,0
-1,888003,8506,0
-1,888003,8507,0
-1,888003,8508,0
-1,888003,8509,0
-1,888003,8510,0
-1,888003,8511,0
-1,888003,8512,0
-1,888003,8513,0
-1,888003,8514,0
-1,888003,8515,0
-1,888003,8516,0
-1,888003,8517,0
-1,888003,8518,0
-1,888003,8519,0
-1,888003,8520,0
-1,888003,8521,0
-1,888003,8522,0
-1,888003,8523,0
-1,888003,8524,0
-1,888003,8525,0
-1,888003,8526,0
-1,888003,8527,0
-1,888003,8528,0
-1,888003,8529,0
-1,888003,8530,0
-1,888003,8531,0
-1,888003,8532,0
-1,888003,8533,0
-1,888003,8534,0
-1,888003,8535,0
-1,888003,8536,0
-1,888003,8537,0
-1,888003,8538,0
-1,888003,8539,0
-1,888003,8540,0
-1,888003,8541,0
-1,888003,8542,0
-1,888003,8543,0
-1,888003,8544,0
-1,888003,8545,0
-1,888003,8546,0
-1,888003,8547,0
-1,888003,8548,0
-1,888003,8549,0
-1,888003,8550,0
-1,888003,8551,0
-1,888003,8552,0
-1,888003,8553,0
-1,888003,8554,0
-1,888003,8555,0
-1,888003,8556,0
-1,888003,8557,0
-1,888003,8558,0
-1,888003,8559,0
-1,888003,8560,0
-1,888003,8561,0
-1,888003,8562,0
-1,888003,8563,0
-1,888003,8564,0
-1,888003,8565,0
-1,888003,8566,0
-1,888003,8567,0
-1,888003,8568,0
-1,888003,8569,0
-1,888003,8570,0
-1,888003,8571,0
-1,888003,8572,0
-1,888003,8573,0
-1,888003,8574,0
-1,888003,8575,0
-1,888003,8576,0
-1,888003,8577,0
-1,888003,8578,0
-1,888003,8579,0
-1,888003,8580,0
-1,888003,8581,0
-1,888003,8582,0
-1,888003,8583,0
-1,888003,8584,0
-1,888003,8585,0
-1,888003,8586,0
-1,888003,8587,0
-1,888003,8588,0
-1,888003,8589,0
-1,888003,8590,0
-1,888003,8591,0
-1,888003,8592,0
-1,888003,8593,0
-1,888003,8594,0
-1,888003,8595,0
-1,888003,8596,0
-1,888003,8597,0
-1,888003,8598,0
-1,888003,8599,0
-1,888003,8600,0
-1,888003,8601,0
-1,888003,8602,0
-1,888003,8603,0
-1,888003,8604,0
-1,888003,8605,0
-1,888003,8606,0
-1,888003,8607,0
-1,888003,8608,0
-1,888003,8609,0
-1,888003,8610,0
-1,888003,8611,0
-1,888003,8612,0
-1,888003,8613,0
-1,888003,8614,0
-1,888003,8615,0
-1,888003,8616,0
-1,888003,8617,0
-1,888003,8618,0
-1,888003,8619,0
-1,888003,8620,0
-1,888003,8621,0
-1,888003,8622,0
-1,888003,8623,0
-1,888003,8624,0
-1,888003,8625,0
-1,888003,8626,0
-1,888003,8627,0
-1,888003,8628,0
-1,888003,8629,0
-1,888003,8630,0
-1,888003,8631,0
-1,888003,8632,0
-1,888003,8633,0
-1,888003,8634,0
-1,888003,8635,0
-1,888003,8636,0
-1,888003,8637,0
-1,888003,8638,0
-1,888003,8639,0
-1,888003,8640,0
-1,888003,8641,0
-1,888003,8642,0
-1,888003,8643,0
-1,888003,8644,0
-1,888003,8645,0
-1,888003,8646,0
-1,888003,8647,0
-1,888003,8648,0
-1,888003,8649,0
-1,888003,8650,0
-1,888003,8651,0
-1,888003,8652,0
-1,888003,8653,0
-1,888003,8654,0
-1,888003,8655,0
-1,888003,8656,0
-1,888003,8657,0
-1,888003,8658,0
-1,888003,8659,0
-1,888003,8660,0
-1,888003,8661,0
-1,888003,8662,0
-1,888003,8663,0
-1,888003,8664,0
-1,888003,8665,0
-1,888003,8666,0
-1,888003,8667,0
-1,888003,8668,0
-1,888003,8669,0
-1,888003,8670,0
-1,888003,8671,0
-1,888003,8672,0
-1,888003,8673,0
-1,888003,8674,0
-1,888003,8675,0
-1,888003,8676,0
-1,888003,8677,0
-1,888003,8678,0
-1,888003,8679,0
-1,888003,8680,0
-1,888003,8681,0
-1,888003,8682,0
-1,888003,8683,0
-1,888003,8684,0
-1,888003,8685,0
-1,888003,8686,0
-1,888003,8687,0
-1,888003,8688,0
-1,888003,8689,0
-1,888003,8690,0
-1,888003,8691,0
-1,888003,8692,0
-1,888003,8693,0
-1,888003,8694,0
-1,888003,8695,0
-1,888003,8696,0
-1,888003,8697,0
-1,888003,8698,0
-1,888003,8699,0
-1,888003,8700,0
-1,888003,8701,0
-1,888003,8702,0
-1,888003,8703,0
-1,888003,8704,0
-1,888003,8705,0
-1,888003,8706,0
-1,888003,8707,0
-1,888003,8708,0
-1,888003,8709,0
-1,888003,8710,0
-1,888003,8711,0
-1,888003,8712,0
-1,888003,8713,0
-1,888003,8714,0
-1,888003,8715,0
-1,888003,8716,0
-1,888003,8717,0
-1,888003,8718,0
-1,888003,8719,0
-1,888003,8720,0
-1,888003,8721,0
-1,888003,8722,0
-1,888003,8723,0
-1,888003,8724,0
-1,888003,8725,0
-1,888003,8726,0
-1,888003,8727,0
-1,888003,8728,0
-1,888003,8729,0
-1,888003,8730,0
-1,888003,8731,0
-1,888003,8732,0
-1,888003,8733,0
-1,888003,8734,0
-1,888003,8735,0
-1,888003,8736,0
-1,888003,8737,0
-1,888003,8738,0
-1,888003,8739,0
-1,888003,8740,0
-1,888003,8741,0
-1,888003,8742,0
-1,888003,8743,0
-1,888003,8744,0
-1,888003,8745,0
-1,888003,8746,0
-1,888003,8747,0
-1,888003,8748,0
-1,888003,8749,0
-1,888003,8750,0
-1,888003,8751,0
-1,888003,8752,0
-1,888003,8753,0
-1,888003,8754,0
-1,888003,8755,0
-1,888003,8756,0
-1,888003,8757,0
-1,888003,8758,0
-1,888003,8759,0
-1,888003,8760,0
-1,888003,8761,0
-1,888003,8762,0
-1,888003,8763,0
-1,888003,8764,0
-1,888003,8765,0
-1,888003,8766,0
-1,888003,8767,0
-1,888003,8768,0
-1,888003,8769,0
-1,888003,8770,0
-1,888003,8771,0
-1,888003,8772,0
-1,888003,8773,0
-1,888003,8774,0
-1,888003,8775,0
-1,888003,8776,0
-1,888003,8777,0
-1,888003,8778,0
-1,888003,8779,0
-1,888003,8780,0
-1,888003,8781,0
-1,888003,8782,0
-1,888003,8783,0
-1,888003,8784,0
-1,888003,8785,0
-1,888003,8786,0
-1,888003,8787,0
-1,888003,8788,0
-1,888003,8789,0
-1,888003,8790,0
-1,888003,8791,0
-1,888003,8792,0
-1,888003,8793,0
-1,888003,8794,0
-1,888003,8795,0
-1,888003,8796,0
-1,888003,8797,0
-1,888003,8798,0
-1,888003,8799,0
-1,888003,8800,0
-1,888003,8801,0
-1,888003,8802,0
-1,888003,8803,0
-1,888003,8804,0
-1,888003,8805,0
-1,888003,8806,0
-1,888003,8807,0
-1,888003,8808,0
-1,888003,8809,0
-1,888003,8810,0
-1,888003,8811,0
-1,888003,8812,0
-1,888003,8813,0
-1,888003,8814,0
-1,888003,8815,0
-1,888003,8816,0
-1,888003,8817,0
-1,888003,8818,0
-1,888003,8819,0
-1,888003,8820,0
-1,888003,8821,0
-1,888003,8822,0
-1,888003,8823,0
-1,888003,8824,0
-1,888003,8825,0
-1,888003,8826,0
-1,888003,8827,0
-1,888003,8828,0
-1,888003,8829,0
-1,888003,8830,0
-1,888003,8831,0
-1,888003,8832,0
-1,888003,8833,0
-1,888003,8834,0
-1,888003,8835,0
-1,888003,8836,0
-1,888003,8837,0
-1,888003,8838,0
-1,888003,8839,0
-1,888003,8840,0
-1,888003,8841,0
-1,888003,8842,0
-1,888003,8843,0
-1,888003,8844,0
-1,888003,8845,0
-1,888003,8846,0
-1,888003,8847,0
-1,888003,8848,0
-1,888003,8849,0
-1,888003,8850,0
-1,888003,8851,0
-1,888003,8852,0
-1,888003,8853,0
-1,888003,8854,0
-1,888003,8855,0
-1,888003,8856,0
-1,888003,8857,0
-1,888003,8858,0
-1,888003,8859,0
-1,888003,8860,0
-1,888003,8861,0
-1,888003,8862,0
-1,888003,8863,0
-1,888003,8864,0
-1,888003,8865,0
-1,888003,8866,0
-1,888003,8867,0
-1,888003,8868,0
-1,888003,8869,0
-1,888003,8870,0
-1,888003,8871,0
-1,888003,8872,0
-1,888003,8873,0
-1,888003,8874,0
-1,888003,8875,0
-1,888003,8876,0
-1,888003,8877,0
-1,888003,8878,0
-1,888003,8879,0
-1,888003,8880,0
-1,888003,8881,0
-1,888003,8882,0
-1,888003,8883,0
-1,888003,8884,0
-1,888003,8885,0
-1,888003,8886,0
-1,888003,8887,0
-1,888003,8888,0
-1,888003,8889,0
-1,888003,8890,0
-1,888003,8891,0
-1,888003,8892,0
-1,888003,8893,0
-1,888003,8894,0
-1,888003,8895,0
-1,888003,8896,0
-1,888003,8897,0
-1,888003,8898,0
-1,888003,8899,0
-1,888003,8900,0
-1,888003,8901,0
-1,888003,8902,0
-1,888003,8903,0
-1,888003,8904,0
-1,888003,8905,0
-1,888003,8906,0
-1,888003,8907,0
-1,888003,8908,0
-1,888003,8909,0
-1,888003,8910,0
-1,888003,8911,0
-1,888003,8912,0
-1,888003,8913,0
-1,888003,8914,0
-1,888003,8915,0
-1,888003,8916,0
-1,888003,8917,0
-1,888003,8918,0
-1,888003,8919,0
-1,888003,8920,0
-1,888003,8921,0
-1,888003,8922,0
-1,888003,8923,0
-1,888003,8924,0
-1,888003,8925,0
-1,888003,8926,0
-1,888003,8927,0
-1,888003,8928,0
-1,888003,8929,0
-1,888003,8930,0
-1,888003,8931,0
-1,888003,8932,0
-1,888003,8933,0
-1,888003,8934,0
-1,888003,8935,0
-1,888003,8936,0
-1,888003,8937,0
-1,888003,8938,0
-1,888003,8939,0
-1,888003,8940,0
-1,888003,8941,0
-1,888003,8942,0
-1,888003,8943,0
-1,888003,8944,0
-1,888003,8945,0
-1,888003,8946,0
-1,888003,8947,0
-1,888003,8948,0
-1,888003,8949,0
-1,888003,8950,0
-1,888003,8951,0
-1,888003,8952,0
-1,888003,8953,0
-1,888003,8954,0
-1,888003,8955,0
-1,888003,8956,0
-1,888003,8957,0
-1,888003,8958,0
-1,888003,8959,0
-1,888003,8960,0
-1,888003,8961,0
-1,888003,8962,0
-1,888003,8963,0
-1,888003,8964,0
-1,888003,8965,0
-1,888003,8966,0
-1,888003,8967,0
-1,888003,8968,0
-1,888003,8969,0
-1,888003,8970,0
-1,888003,8971,0
-1,888003,8972,0
-1,888003,8973,0
-1,888003,8974,0
-1,888003,8975,0
-1,888003,8976,0
-1,888003,8977,0
-1,888003,8978,0
-1,888003,8979,0
-1,888003,8980,0
-1,888003,8981,0
-1,888003,8982,0
-1,888003,8983,0
-1,888003,8984,0
-1,888003,8985,0
-1,888003,8986,0
-1,888003,8987,0
-1,888003,8988,0
-1,888003,8989,0
-1,888003,8990,0
-1,888003,8991,0
-1,888003,8992,0
-1,888003,8993,0
-1,888003,8994,0
-1,888003,8995,0
-1,888003,8996,0
-1,888003,8997,0
-1,888003,8998,0
-1,888003,8999,0
-1,888003,9000,0
-1,888003,9001,0
-1,888003,9002,0
-1,888003,9003,0
-1,888003,9004,0
-1,888003,9005,0
-1,888003,9006,0
-1,888003,9007,0
-1,888003,9008,0
-1,888003,9009,0
-1,888003,9010,0
-1,888003,9011,0
-1,888003,9012,0
-1,888003,9013,0
-1,888003,9014,0
-1,888003,9015,0
-1,888003,9016,0
-1,888003,9017,0
-1,888003,9018,0
-1,888003,9019,0
-1,888003,9020,0
-1,888003,9021,0
-1,888003,9022,0
-1,888003,9023,0
-1,888003,9024,0
-1,888003,9025,0
-1,888003,9026,0
-1,888003,9027,0
-1,888003,9028,0
-1,888003,9029,0
-1,888003,9030,0
-1,888003,9031,0
-1,888003,9032,0
-1,888003,9033,0
-1,888003,9034,0
-1,888003,9035,0
-1,888003,9036,0
-1,888003,9037,0
-1,888003,9038,0
-1,888003,9039,0
-1,888003,9040,0
-1,888003,9041,0
-1,888003,9042,0
-1,888003,9043,0
-1,888003,9044,0
-1,888003,9045,0
-1,888003,9046,0
-1,888003,9047,0
-1,888003,9048,0
-1,888003,9049,0
-1,888003,9050,0
-1,888003,9051,0
-1,888003,9052,0
-1,888003,9053,0
-1,888003,9054,0
-1,888003,9055,0
-1,888003,9056,0
-1,888003,9057,0
-1,888003,9058,0
-1,888003,9059,0
-1,888003,9060,0
-1,888003,9061,0
-1,888003,9062,0
-1,888003,9063,0
-1,888003,9064,0
-1,888003,9065,0
-1,888003,9066,0
-1,888003,9067,0
-1,888003,9068,0
-1,888003,9069,0
-1,888003,9070,0
-1,888003,9071,0
-1,888003,9072,0
-1,888003,9073,0
-1,888003,9074,0
-1,888003,9075,0
-1,888003,9076,0
-1,888003,9077,0
-1,888003,9078,0
-1,888003,9079,0
-1,888003,9080,0
-1,888003,9081,0
-1,888003,9082,0
-1,888003,9083,0
-1,888003,9084,0
-1,888003,9085,0
-1,888003,9086,0
-1,888003,9087,0
-1,888003,9088,0
-1,888003,9089,0
-1,888003,9090,0
-1,888003,9091,0
-1,888003,9092,0
-1,888003,9093,0
-1,888003,9094,0
-1,888003,9095,0
-1,888003,9096,0
-1,888003,9097,0
-1,888003,9098,0
-1,888003,9099,0
-1,888003,9100,0
-1,888003,9101,0
-1,888003,9102,0
-1,888003,9103,0
-1,888003,9104,0
-1,888003,9105,0
-1,888003,9106,0
-1,888003,9107,0
-1,888003,9108,0
-1,888003,9109,0
-1,888003,9110,0
-1,888003,9111,0
-1,888003,9112,0
-1,888003,9113,0
-1,888003,9114,0
-1,888003,9115,0
-1,888003,9116,0
-1,888003,9117,0
-1,888003,9118,0
-1,888003,9119,0
-1,888003,9120,0
-1,888003,9121,0
-1,888003,9122,0
-1,888003,9123,0
-1,888003,9124,0
-1,888003,9125,0
-1,888003,9126,0
-1,888003,9127,0
-1,888003,9128,0
-1,888003,9129,0
-1,888003,9130,0
-1,888003,9131,0
-1,888003,9132,0
-1,888003,9133,0
-1,888003,9134,0
-1,888003,9135,0
-1,888003,9136,0
-1,888003,9137,0
-1,888003,9138,0
-1,888003,9139,0
-1,888003,9140,0
-1,888003,9141,0
-1,888003,9142,0
-1,888003,9143,0
-1,888003,9144,0
-1,888003,9145,0
-1,888003,9146,0
-1,888003,9147,0
-1,888003,9148,0
-1,888003,9149,0
-1,888003,9150,0
-1,888003,9151,0
-1,888003,9152,0
-1,888003,9153,0
-1,888003,9154,0
-1,888003,9155,0
-1,888003,9156,0
-1,888003,9157,0
-1,888003,9158,0
-1,888003,9159,0
-1,888003,9160,0
-1,888003,9161,0
-1,888003,9162,0
-1,888003,9163,0
-1,888003,9164,0
-1,888003,9165,0
-1,888003,9166,0
-1,888003,9167,0
-1,888003,9168,0
-1,888003,9169,0
-1,888003,9170,0
-1,888003,9171,0
-1,888003,9172,0
-1,888003,9173,0
-1,888003,9174,0
-1,888003,9175,0
-1,888003,9176,0
-1,888003,9177,0
-1,888003,9178,0
-1,888003,9179,0
-1,888003,9180,0
-1,888003,9181,0
-1,888003,9182,0
-1,888003,9183,0
-1,888003,9184,0
-1,888003,9185,0
-1,888003,9186,0
-1,888003,9187,0
-1,888003,9188,0
-1,888003,9189,0
-1,888003,9190,0
-1,888003,9191,0
-1,888003,9192,0
-1,888003,9193,0
-1,888003,9194,0
-1,888003,9195,0
-1,888003,9196,0
-1,888003,9197,0
-1,888003,9198,0
-1,888003,9199,0
-1,888003,9200,0
-1,888003,9201,0
-1,888003,9202,0
-1,888003,9203,0
-1,888003,9204,0
-1,888003,9205,0
-1,888003,9206,0
-1,888003,9207,0
-1,888003,9208,0
-1,888003,9209,0
-1,888003,9210,0
-1,888003,9211,0
-1,888003,9212,0
-1,888003,9213,0
-1,888003,9214,0
-1,888003,9215,0
-1,888003,9216,0
-1,888003,9217,0
-1,888003,9218,0
-1,888003,9219,0
-1,888003,9220,0
-1,888003,9221,0
-1,888003,9222,0
-1,888003,9223,0
-1,888003,9224,0
-1,888003,9225,0
-1,888003,9226,0
-1,888003,9227,0
-1,888003,9228,0
-1,888003,9229,0
-1,888003,9230,0
-1,888003,9231,0
-1,888003,9232,0
-1,888003,9233,0
-1,888003,9234,0
-1,888003,9235,0
-1,888003,9236,0
-1,888003,9237,0
-1,888003,9238,0
-1,888003,9239,0
-1,888003,9240,0
-1,888003,9241,0
-1,888003,9242,0
-1,888003,9243,0
-1,888003,9244,0
-1,888003,9245,0
-1,888003,9246,0
-1,888003,9247,0
-1,888003,9248,0
-1,888003,9249,0
-1,888003,9250,0
-1,888003,9251,0
-1,888003,9252,0
-1,888003,9253,0
-1,888003,9254,0
-1,888003,9255,0
-1,888003,9256,0
-1,888003,9257,0
-1,888003,9258,0
-1,888003,9259,0
-1,888003,9260,0
-1,888003,9261,0
-1,888003,9262,0
-1,888003,9263,0
-1,888003,9264,0
-1,888003,9265,0
-1,888003,9266,0
-1,888003,9267,0
-1,888003,9268,0
-1,888003,9269,0
-1,888003,9270,0
-1,888003,9271,0
-1,888003,9272,0
-1,888003,9273,0
-1,888003,9274,0
-1,888003,9275,0
-1,888003,9276,0
-1,888003,9277,0
-1,888003,9278,0
-1,888003,9279,0
-1,888003,9280,0
-1,888003,9281,0
-1,888003,9282,0
-1,888003,9283,0
-1,888003,9284,0
-1,888003,9285,0
-1,888003,9286,0
-1,888003,9287,0
-1,888003,9288,0
-1,888003,9289,0
-1,888003,9290,0
-1,888003,9291,0
-1,888003,9292,0
-1,888003,9293,0
-1,888003,9294,0
-1,888003,9295,0
-1,888003,9296,0
-1,888003,9297,0
-1,888003,9298,0
-1,888003,9299,0
-1,888003,9300,0
-1,888003,9301,0
-1,888003,9302,0
-1,888003,9303,0
-1,888003,9304,0
-1,888003,9305,0
-1,888003,9306,0
-1,888003,9307,0
-1,888003,9308,0
-1,888003,9309,0
-1,888003,9310,0
-1,888003,9311,0
-1,888003,9312,0
-1,888003,9313,0
-1,888003,9314,0
-1,888003,9315,0
-1,888003,9316,0
-1,888003,9317,0
-1,888003,9318,0
-1,888003,9319,0
-1,888003,9320,0
-1,888003,9321,0
-1,888003,9322,0
-1,888003,9323,0
-1,888003,9324,0
-1,888003,9325,0
-1,888003,9326,0
-1,888003,9327,0
-1,888003,9328,0
-1,888003,9329,0
-1,888003,9330,0
-1,888003,9331,0
-1,888003,9332,0
-1,888003,9333,0
-1,888003,9334,0
-1,888003,9335,0
-1,888003,9336,0
-1,888003,9337,0
-1,888003,9338,0
-1,888003,9339,0
-1,888003,9340,0
-1,888003,9341,0
-1,888003,9342,0
-1,888003,9343,0
-1,888003,9344,0
-1,888003,9345,0
-1,888003,9346,0
-1,888003,9347,0
-1,888003,9348,0
-1,888003,9349,0
-1,888003,9350,0
-1,888003,9351,0
-1,888003,9352,0
-1,888003,9353,0
-1,888003,9354,0
-1,888003,9355,0
-1,888003,9356,0
-1,888003,9357,0
-1,888003,9358,0
-1,888003,9359,0
-1,888003,9360,0
-1,888003,9361,0
-1,888003,9362,0
-1,888003,9363,0
-1,888003,9364,0
-1,888003,9365,0
-1,888003,9366,0
-1,888003,9367,0
-1,888003,9368,0
-1,888003,9369,0
-1,888003,9370,0
-1,888003,9371,0
-1,888003,9372,0
-1,888003,9373,0
-1,888003,9374,0
-1,888003,9375,0
-1,888003,9376,0
-1,888003,9377,0
-1,888003,9378,0
-1,888003,9379,0
-1,888003,9380,0
-1,888003,9381,0
-1,888003,9382,0
-1,888003,9383,0
-1,888003,9384,0
-1,888003,9385,0
-1,888003,9386,0
-1,888003,9387,0
-1,888003,9388,0
-1,888003,9389,0
-1,888003,9390,0
-1,888003,9391,0
-1,888003,9392,0
-1,888003,9393,0
-1,888003,9394,0
-1,888003,9395,0
-1,888003,9396,0
-1,888003,9397,0
-1,888003,9398,0
-1,888003,9399,0
-1,888003,9400,0
-1,888003,9401,0
-1,888003,9402,0
-1,888003,9403,0
-1,888003,9404,0
-1,888003,9405,0
-1,888003,9406,0
-1,888003,9407,0
-1,888003,9408,0
-1,888003,9409,0
-1,888003,9410,0
-1,888003,9411,0
-1,888003,9412,0
-1,888003,9413,0
-1,888003,9414,0
-1,888003,9415,0
-1,888003,9416,0
-1,888003,9417,0
-1,888003,9418,0
-1,888003,9419,0
-1,888003,9420,0
-1,888003,9421,0
-1,888003,9422,0
-1,888003,9423,0
-1,888003,9424,0
-1,888003,9425,0
-1,888003,9426,0
-1,888003,9427,0
-1,888003,9428,0
-1,888003,9429,0
-1,888003,9430,0
-1,888003,9431,0
-1,888003,9432,0
-1,888003,9433,0
-1,888003,9434,0
-1,888003,9435,0
-1,888003,9436,0
-1,888003,9437,0
-1,888003,9438,0
-1,888003,9439,0
-1,888003,9440,0
-1,888003,9441,0
-1,888003,9442,0
-1,888003,9443,0
-1,888003,9444,0
-1,888003,9445,0
-1,888003,9446,0
-1,888003,9447,0
-1,888003,9448,0
-1,888003,9449,0
-1,888003,9450,0
-1,888003,9451,0
-1,888003,9452,0
-1,888003,9453,0
-1,888003,9454,0
-1,888003,9455,0
-1,888003,9456,0
-1,888003,9457,0
-1,888003,9458,0
-1,888003,9459,0
-1,888003,9460,0
-1,888003,9461,0
-1,888003,9462,0
-1,888003,9463,0
-1,888003,9464,0
-1,888003,9465,0
-1,888003,9466,0
-1,888003,9467,0
-1,888003,9468,0
-1,888003,9469,0
-1,888003,9470,0
-1,888003,9471,0
-1,888003,9472,0
-1,888003,9473,0
-1,888003,9474,0
-1,888003,9475,0
-1,888003,9476,0
-1,888003,9477,0
-1,888003,9478,0
-1,888003,9479,0
-1,888003,9480,0
-1,888003,9481,0
-1,888003,9482,0
-1,888003,9483,0
-1,888003,9484,0
-1,888003,9485,0
-1,888003,9486,0
-1,888003,9487,0
-1,888003,9488,0
-1,888003,9489,0
-1,888003,9490,0
-1,888003,9491,0
-1,888003,9492,0
-1,888003,9493,0
-1,888003,9494,0
-1,888003,9495,0
-1,888003,9496,0
-1,888003,9497,0
-1,888003,9498,0
-1,888003,9499,0
-1,888003,9500,0
-1,888003,9501,0
-1,888003,9502,0
-1,888003,9503,0
-1,888003,9504,0
-1,888003,9505,0
-1,888003,9506,0
-1,888003,9507,0
-1,888003,9508,0
-1,888003,9509,0
-1,888003,9510,0
-1,888003,9511,0
-1,888003,9512,0
-1,888003,9513,0
-1,888003,9514,0
-1,888003,9515,0
-1,888003,9516,0
-1,888003,9517,0
-1,888003,9518,0
-1,888003,9519,0
-1,888003,9520,0
-1,888003,9521,0
-1,888003,9522,0
-1,888003,9523,0
-1,888003,9524,0
-1,888003,9525,0
-1,888003,9526,0
-1,888003,9527,0
-1,888003,9528,0
-1,888003,9529,0
-1,888003,9530,0
-1,888003,9531,0
-1,888003,9532,0
-1,888003,9533,0
-1,888003,9534,0
-1,888003,9535,0
-1,888003,9536,0
-1,888003,9537,0
-1,888003,9538,0
-1,888003,9539,0
-1,888003,9540,0
-1,888003,9541,0
-1,888003,9542,0
-1,888003,9543,0
-1,888003,9544,0
-1,888003,9545,0
-1,888003,9546,0
-1,888003,9547,0
-1,888003,9548,0
-1,888003,9549,0
-1,888003,9550,0
-1,888003,9551,0
-1,888003,9552,0
-1,888003,9553,0
-1,888003,9554,0
-1,888003,9555,0
-1,888003,9556,0
-1,888003,9557,0
-1,888003,9558,0
-1,888003,9559,0
-1,888003,9560,0
-1,888003,9561,0
-1,888003,9562,0
-1,888003,9563,0
-1,888003,9564,0
-1,888003,9565,0
-1,888003,9566,0
-1,888003,9567,0
-1,888003,9568,0
-1,888003,9569,0
-1,888003,9570,0
-1,888003,9571,0
-1,888003,9572,0
-1,888003,9573,0
-1,888003,9574,0
-1,888003,9575,0
-1,888003,9576,0
-1,888003,9577,0
-1,888003,9578,0
-1,888003,9579,0
-1,888003,9580,0
-1,888003,9581,0
-1,888003,9582,0
-1,888003,9583,0
-1,888003,9584,0
-1,888003,9585,0
-1,888003,9586,0
-1,888003,9587,0
-1,888003,9588,0
-1,888003,9589,0
-1,888003,9590,0
-1,888003,9591,0
-1,888003,9592,0
-1,888003,9593,0
-1,888003,9594,0
-1,888003,9595,0
-1,888003,9596,0
-1,888003,9597,0
-1,888003,9598,0
-1,888003,9599,0
-1,888003,9600,0
-1,888003,9601,0
-1,888003,9602,0
-1,888003,9603,0
-1,888003,9604,0
-1,888003,9605,0
-1,888003,9606,0
-1,888003,9607,0
-1,888003,9608,0
-1,888003,9609,0
-1,888003,9610,0
-1,888003,9611,0
-1,888003,9612,0
-1,888003,9613,0
-1,888003,9614,0
-1,888003,9615,0
-1,888003,9616,0
-1,888003,9617,0
-1,888003,9618,0
-1,888003,9619,0
-1,888003,9620,0
-1,888003,9621,0
-1,888003,9622,0
-1,888003,9623,0
-1,888003,9624,0
-1,888003,9625,0
-1,888003,9626,0
-1,888003,9627,0
-1,888003,9628,0
-1,888003,9629,0
-1,888003,9630,0
-1,888003,9631,0
-1,888003,9632,0
-1,888003,9633,0
-1,888003,9634,0
-1,888003,9635,0
-1,888003,9636,0
-1,888003,9637,0
-1,888003,9638,0
-1,888003,9639,0
-1,888003,9640,0
-1,888003,9641,0
-1,888003,9642,0
-1,888003,9643,0
-1,888003,9644,0
-1,888003,9645,0
-1,888003,9646,0
-1,888003,9647,0
-1,888003,9648,0
-1,888003,9649,0
-1,888003,9650,0
-1,888003,9651,0
-1,888003,9652,0
-1,888003,9653,0
-1,888003,9654,0
-1,888003,9655,0
-1,888003,9656,0
-1,888003,9657,0
-1,888003,9658,0
-1,888003,9659,0
-1,888003,9660,0
-1,888003,9661,0
-1,888003,9662,0
-1,888003,9663,0
-1,888003,9664,0
-1,888003,9665,0
-1,888003,9666,0
-1,888003,9667,0
-1,888003,9668,0
-1,888003,9669,0
-1,888003,9670,0
-1,888003,9671,0
-1,888003,9672,0
-1,888003,9673,0
-1,888003,9674,0
-1,888003,9675,0
-1,888003,9676,0
-1,888003,9677,0
-1,888003,9678,0
-1,888003,9679,0
-1,888003,9680,0
-1,888003,9681,0
-1,888003,9682,0
-1,888003,9683,0
-1,888003,9684,0
-1,888003,9685,0
-1,888003,9686,0
-1,888003,9687,0
-1,888003,9688,0
-1,888003,9689,0
-1,888003,9690,0
-1,888003,9691,0
-1,888003,9692,0
-1,888003,9693,0
-1,888003,9694,0
-1,888003,9695,0
-1,888003,9696,0
-1,888003,9697,0
-1,888003,9698,0
-1,888003,9699,0
-1,888003,9700,0
-1,888003,9701,0
-1,888003,9702,0
-1,888003,9703,0
-1,888003,9704,0
-1,888003,9705,0
-1,888003,9706,0
-1,888003,9707,0
-1,888003,9708,0
-1,888003,9709,0
-1,888003,9710,0
-1,888003,9711,0
-1,888003,9712,0
-1,888003,9713,0
-1,888003,9714,0
-1,888003,9715,0
-1,888003,9716,0
-1,888003,9717,0
-1,888003,9718,0
-1,888003,9719,0
-1,888003,9720,0
-1,888003,9721,0
-1,888003,9722,0
-1,888003,9723,0
-1,888003,9724,0
-1,888003,9725,0
-1,888003,9726,0
-1,888003,9727,0
-1,888003,9728,0
-1,888003,9729,0
-1,888003,9730,0
-1,888003,9731,0
-1,888003,9732,0
-1,888003,9733,0
-1,888003,9734,0
-1,888003,9735,0
-1,888003,9736,0
-1,888003,9737,0
-1,888003,9738,0
-1,888003,9739,0
-1,888003,9740,0
-1,888003,9741,0
-1,888003,9742,0
-1,888003,9743,0
-1,888003,9744,0
-1,888003,9745,0
-1,888003,9746,0
-1,888003,9747,0
-1,888003,9748,0
-1,888003,9749,0
-1,888003,9750,0
-1,888003,9751,0
-1,888003,9752,0
-1,888003,9753,0
-1,888003,9754,0
-1,888003,9755,0
-1,888003,9756,0
-1,888003,9757,0
-1,888003,9758,0
-1,888003,9759,0
-1,888003,9760,0
-1,888003,9761,0
-1,888003,9762,0
-1,888003,9763,0
-1,888003,9764,0
-1,888003,9765,0
-1,888003,9766,0
-1,888003,9767,0
-1,888003,9768,0
-1,888003,9769,0
-1,888003,9770,0
-1,888003,9771,0
-1,888003,9772,0
-1,888003,9773,0
-1,888003,9774,0
-1,888003,9775,0
-1,888003,9776,0
-1,888003,9777,0
-1,888003,9778,0
-1,888003,9779,0
-1,888003,9780,0
-1,888003,9781,0
-1,888003,9782,0
-1,888003,9783,0
-1,888003,9784,0
-1,888003,9785,0
-1,888003,9786,0
-1,888003,9787,0
-1,888003,9788,0
-1,888003,9789,0
-1,888003,9790,0
-1,888003,9791,0
-1,888003,9792,0
-1,888003,9793,0
-1,888003,9794,0
-1,888003,9795,0
-1,888003,9796,0
-1,888003,9797,0
-1,888003,9798,0
-1,888003,9799,0
-1,888003,9800,0
-1,888003,9801,0
-1,888003,9802,0
-1,888003,9803,0
-1,888003,9804,0
-1,888003,9805,0
-1,888003,9806,0
-1,888003,9807,0
-1,888003,9808,0
-1,888003,9809,0
-1,888003,9810,0
-1,888003,9811,0
-1,888003,9812,0
-1,888003,9813,0
-1,888003,9814,0
-1,888003,9815,0
-1,888003,9816,0
-1,888003,9817,0
-1,888003,9818,0
-1,888003,9819,0
-1,888003,9820,0
-1,888003,9821,0
-1,888003,9822,0
-1,888003,9823,0
-1,888003,9824,0
-1,888003,9825,0
-1,888003,9826,0
-1,888003,9827,0
-1,888003,9828,0
-1,888003,9829,0
-1,888003,9830,0
-1,888003,9831,0
-1,888003,9832,0
-1,888003,9833,0
-1,888003,9834,0
-1,888003,9835,0
-1,888003,9836,0
-1,888003,9837,0
-1,888003,9838,0
-1,888003,9839,0
-1,888003,9840,0
-1,888003,9841,0
-1,888003,9842,0
-1,888003,9843,0
-1,888003,9844,0
-1,888003,9845,0
-1,888003,9846,0
-1,888003,9847,0
-1,888003,9848,0
-1,888003,9849,0
-1,888003,9850,0
-1,888003,9851,0
-1,888003,9852,0
-1,888003,9853,0
-1,888003,9854,0
-1,888003,9855,0
-1,888003,9856,0
-1,888003,9857,0
-1,888003,9858,0
-1,888003,9859,0
-1,888003,9860,0
-1,888003,9861,0
-1,888003,9862,0
-1,888003,9863,0
-1,888003,9864,0
-1,888003,9865,0
-1,888003,9866,0
-1,888003,9867,0
-1,888003,9868,0
-1,888003,9869,0
-1,888003,9870,0
-1,888003,9871,0
-1,888003,9872,0
-1,888003,9873,0
-1,888003,9874,0
-1,888003,9875,0
-1,888003,9876,0
-1,888003,9877,0
-1,888003,9878,0
-1,888003,9879,0
-1,888003,9880,0
-1,888003,9881,0
-1,888003,9882,0
-1,888003,9883,0
-1,888003,9884,0
-1,888003,9885,0
-1,888003,9886,0
-1,888003,9887,0
-1,888003,9888,0
-1,888003,9889,0
-1,888003,9890,0
-1,888003,9891,0
-1,888003,9892,0
-1,888003,9893,0
-1,888003,9894,0
-1,888003,9895,0
-1,888003,9896,0
-1,888003,9897,0
-1,888003,9898,0
-1,888003,9899,0
-1,888003,9900,0
-1,888003,9901,0
-1,888003,9902,0
-1,888003,9903,0
-1,888003,9904,0
-1,888003,9905,0
-1,888003,9906,0
-1,888003,9907,0
-1,888003,9908,0
-1,888003,9909,0
-1,888003,9910,0
-1,888003,9911,0
-1,888003,9912,0
-1,888003,9913,0
-1,888003,9914,0
-1,888003,9915,0
-1,888003,9916,0
-1,888003,9917,0
-1,888003,9918,0
-1,888003,9919,0
-1,888003,9920,0
-1,888003,9921,0
-1,888003,9922,0
-1,888003,9923,0
-1,888003,9924,0
-1,888003,9925,0
-1,888003,9926,0
-1,888003,9927,0
-1,888003,9928,0
-1,888003,9929,0
-1,888003,9930,0
-1,888003,9931,0
-1,888003,9932,0
-1,888003,9933,0
-1,888003,9934,0
-1,888003,9935,0
-1,888003,9936,0
-1,888003,9937,0
-1,888003,9938,0
-1,888003,9939,0
-1,888003,9940,0
-1,888003,9941,0
-1,888003,9942,0
-1,888003,9943,0
-1,888003,9944,0
-1,888003,9945,0
-1,888003,9946,0
-1,888003,9947,0
-1,888003,9948,0
-1,888003,9949,0
-1,888003,9950,0
-1,888003,9951,0
-1,888003,9952,0
-1,888003,9953,0
-1,888003,9954,0
-1,888003,9955,0
-1,888003,9956,0
-1,888003,9957,0
-1,888003,9958,0
-1,888003,9959,0
-1,888003,9960,0
-1,888003,9961,0
-1,888003,9962,0
-1,888003,9963,0
-1,888003,9964,0
-1,888003,9965,0
-1,888003,9966,0
-1,888003,9967,0
-1,888003,9968,0
-1,888003,9969,0
-1,888003,9970,0
-1,888003,9971,0
-1,888003,9972,0
-1,888003,9973,0
-1,888003,9974,0
-1,888003,9975,0
-1,888003,9976,0
-1,888003,9977,0
-1,888003,9978,0
-1,888003,9979,0
-1,888003,9980,0
-1,888003,9981,0
-1,888003,9982,0
-1,888003,9983,0
-1,888003,9984,0
-1,888003,9985,0
-1,888003,9986,0
-1,888003,9987,0
-1,888003,9988,0
-1,888003,9989,0
-1,888003,9990,0
-1,888003,9991,0
-1,888003,9992,0
-1,888003,9993,0
-1,888003,9994,0
-1,888003,9995,0
-1,888003,9996,0
-1,888003,9997,0
-1,888003,9998,0
-1,888003,9999,2197
